first_name,second_name,goals_scored,assists,total_points,minutes,goals_conceded,creativity,influence,threat,bonus,bps,ict_index,clean_sheets,red_cards,yellow_cards,selected_by_percent,now_cost,element_type,value_per_m
David,Raya Martín,0,0,80,1800,14,20.3,315.8,0.0,4,329,33.7,9,0,1,34.4,60,GK,13.3
Kepa,Arrizabalaga Revuelta,0,0,0,0,0,0.0,0.0,0.0,0,0,0.0,0,0,0,0.4,41,GK,0.0
Karl,Hein,0,0,0,0,0,0.0,0.0,0.0,0,0,0.0,0,0,0,0.2,40,GK,0.0
Tommy,Setford,0,0,0,0,0,0.0,0.0,0.0,0,0,0.0,0,0,0,0.3,39,GK,0.0
Gabriel,dos Santos Magalhães,3,2,106,1175,7,65.7,421.8,146.0,16,337,63.2,8,0,1,25.7,66,DEF,16.1
William,Saliba,0,0,54,1264,9,44.7,255.2,22.0,1,260,32.2,6,0,0,11.7,59,DEF,9.2
Riccardo,Calafiori,1,2,77,1256,7,104.8,222.0,219.0,4,287,54.5,9,0,5,7.5,56,DEF,13.8
Jurriën,Timber,2,4,98,1549,12,273.5,364.0,307.0,7,350,94.7,8,0,2,27.7,63,DEF,15.6
Jakub,Kiwior,0,0,0,0,0,0.0,0.0,0.0,0,0,0.0,0,0,0,0.0,54,DEF,0.0
Myles,Lewis-Skelly,0,0,11,278,5,35.4,27.0,18.0,0,31,8.0,0,0,3,1.6,51,DEF,2.2
Benjamin,White,0,1,23,287,3,77.1,92.2,34.0,3,89,20.3,2,0,0,0.6,51,DEF,4.5
Brayden,Clarke,0,0,0,0,0,0.0,0.0,0.0,0,0,0.0,0,0,0,0.5,38,DEF,0.0
Maldini,Kacurri,0,0,0,0,0,0.0,0.0,0.0,0,0,0.0,0,0,0,0.1,39,DEF,0.0
Josh,Nichols,0,0,0,0,0,0.0,0.0,0.0,0,0,0.0,0,0,0,0.2,38,DEF,0.0
Bukayo,Saka,4,7,95,1343,9,530.0,379.0,492.0,10,357,140.1,7,0,1,21.1,102,MID,9.3
Martin,Ødegaard,1,3,45,793,8,361.6,212.2,126.0,5,192,70.0,3,0,0,2.4,78,MID,5.8
Noni,Madueke,0,0,19,493,5,144.8,56.8,171.0,0,70,37.2,3,0,0,0.7,68,MID,2.8
Gabriel,Martinelli Silva,1,1,28,474,3,65.4,66.0,155.0,1,83,28.1,2,0,1,0.8,68,MID,4.1
Leandro,Trossard,5,4,78,1065,9,321.1,332.4,342.0,9,267,99.7,5,0,0,2.0,70,MID,11.1
Declan,Rice,4,7,119,1605,13,551.9,518.2,203.0,18,470,127.4,8,0,1,22.4,72,MID,16.5
Mikel,Merino Zazón,3,3,58,931,8,174.1,262.2,185.0,4,209,61.9,4,0,1,2.2,57,MID,10.2
Fábio,Ferreira Vieira,0,0,0,0,0,0.0,0.0,0.0,0,0,0.0,0,0,0,0.0,54,MID,0.0
Christian,Nørgaard,0,0,3,31,1,0.4,14.6,7.0,0,11,2.3,0,0,0,0.1,51,MID,0.6
Ethan,Nwaneri,0,0,8,165,0,22.5,8.6,24.0,0,20,5.4,1,0,0,0.1,50,MID,1.6
Martín,Zubimendi Ibáñez,3,1,72,1680,13,287.4,357.0,142.0,5,344,78.8,9,0,4,2.3,52,MID,13.8
Ismeal,Kabia,0,0,0,0,0,0.0,0.0,0.0,0,0,0.0,0,0,0,0.1,45,MID,0.0
Albert,Sambi Lokonga,0,0,0,0,0,0.0,0.0,0.0,0,0,0.0,0,0,0,0.1,45,MID,0.0
Kai,Havertz,0,0,1,30,0,0.8,2.8,2.0,0,4,0.6,0,0,0,0.3,73,FWD,0.1
Gabriel,Fernando de Jesus,1,0,8,90,3,6.2,51.6,73.0,0,35,13.0,0,0,1,0.3,64,FWD,1.2
Eberechi,Eze,4,3,66,991,6,158.5,252.4,281.0,6,254,69.1,6,0,0,10.3,74,MID,8.9
Cristhian,Mosquera,0,0,17,429,4,23.2,84.0,8.0,1,85,11.5,1,0,1,0.1,53,DEF,3.2
Viktor,Gyökeres,5,0,52,1226,6,123.2,198.4,428.0,4,177,74.5,8,0,3,9.6,88,FWD,5.9
Max,Dowman,0,1,5,27,0,0.8,1.0,26.0,0,13,2.8,0,0,0,0.3,43,MID,1.2
Andre,Harriman-Annous,0,0,0,0,0,0.0,0.0,0.0,0,0,0.0,0,0,0,0.0,45,MID,0.0
Piero,Hincapié,0,0,34,833,9,56.5,185.4,18.0,2,142,25.9,2,0,2,1.8,54,DEF,6.3
Marli,Salmon,0,0,0,0,0,0.0,0.0,0.0,0,0,0.0,0,0,0,0.0,40,DEF,0.0
Emiliano,Martínez Romero,0,0,63,1440,16,3.0,367.6,0.0,3,269,37.0,4,0,1,3.5,50,GK,12.6
Marco,Bizot,0,0,9,360,8,0.0,57.6,0.0,0,34,5.8,1,0,2,0.4,42,GK,2.1
Joe,Gauci,0,0,0,0,0,0.0,0.0,0.0,0,0,0.0,0,0,0,0.1,40,GK,0.0
Filip,Marschall,0,0,0,0,0,0.0,0.0,0.0,0,0,0.0,0,0,0,0.0,40,GK,0.0
Matty,Cash,3,2,81,1681,19,264.8,400.2,119.0,6,287,78.4,5,0,5,10.2,48,DEF,16.9
Lucas,Digne,0,3,55,1120,12,259.7,216.6,85.0,1,217,55.9,5,0,2,1.6,45,DEF,12.2
Ezri,Konsa Ngoyo,0,0,55,1685,23,70.8,342.0,62.0,2,283,47.8,5,1,0,7.5,44,DEF,12.5
Ian,Maatsen,0,0,17,671,12,138.3,135.0,99.0,0,93,37.4,0,0,1,0.5,42,DEF,4.0
Tyrone,Mings,0,0,24,497,6,44.6,120.2,25.0,1,87,19.0,2,0,0,0.5,43,DEF,5.6
Pau,Torres,0,1,39,952,11,17.3,207.6,26.0,2,176,25.3,3,0,0,0.3,43,DEF,9.1
Andrés,García,0,0,1,30,2,1.5,0.6,0.0,0,-3,0.2,0,0,0,0.2,39,DEF,0.3
Álex,Moreno Lopera,0,0,0,0,0,0.0,0.0,0.0,0,0,0.0,0,0,0,1.7,40,DEF,0.0
Lamare,Bogarde,0,0,20,424,6,37.1,56.0,6.0,3,59,9.8,1,0,4,0.5,40,DEF,5.0
Lino,da Cruz Sousa,0,0,0,0,0,0.0,0.0,0.0,0,0,0.0,0,0,0,0.3,39,DEF,0.0
Yasin,Özcan,0,0,0,0,0,0.0,0.0,0.0,0,0,0.0,0,0,0,0.1,40,DEF,0.0
Morgan,Rogers,7,4,98,1777,24,334.0,439.6,415.0,10,346,118.7,5,0,4,30.3,76,MID,12.9
Youri,Tielemans,0,4,44,1042,16,276.9,253.0,130.0,3,239,66.0,2,0,0,1.0,59,MID,7.5
Leon,Bailey,0,0,0,0,0,0.0,0.0,0.0,0,0,0.0,0,0,0,0.1,55,MID,0.0
Emiliano,Buendía Stati,4,2,57,747,8,196.5,241.8,177.0,7,187,61.6,2,0,2,0.4,53,MID,10.8
Samuel,Iling-Junior,0,0,0,0,0,0.0,0.0,0.0,0,0,0.0,0,0,0,0.0,55,MID,0.0
Donyell,Malen,4,2,54,623,10,99.7,182.4,290.0,3,158,56.2,1,0,0,0.7,51,MID,10.6
John,McGinn,3,2,67,1502,21,365.8,302.2,179.0,4,280,85.0,6,0,3,0.9,54,MID,12.4
Ross,Barkley,1,1,15,114,0,33.7,51.8,55.0,0,56,14.0,0,0,0,0.0,48,MID,3.1
Enzo,Barrenechea,0,0,0,0,0,0.0,0.0,0.0,0,0,0.0,0,0,0,0.0,50,MID,0.0
Lewis,Dobbin,0,0,0,0,0,0.0,0.0,0.0,0,0,0.0,0,0,0,0.0,50,MID,0.0
Boubacar,Kamara,1,3,58,1329,15,205.2,312.8,68.0,7,268,58.7,4,0,5,0.5,49,MID,11.8
Amadou,Onana,2,0,46,886,11,60.6,242.2,67.0,3,210,37.0,3,0,2,0.7,48,MID,9.6
Ben,Broggio,0,0,0,0,0,0.0,0.0,0.0,0,0,0.0,0,0,0,0.3,45,MID,0.0
Leander,Dendoncker,0,0,0,0,0,0.0,0.0,0.0,0,0,0.0,0,0,0,0.1,45,MID,0.0
Jamaldeen,Jimoh-Aloba,0,0,1,8,0,0.3,0.2,0.0,0,3,0.1,0,0,0,0.1,45,MID,0.2
Kadan,Young,0,0,0,0,0,0.0,0.0,0.0,0,0,0.0,0,0,0,0.6,43,MID,0.0
Ollie,Watkins,7,2,79,1471,21,162.6,317.8,560.0,9,293,103.9,5,0,1,10.7,87,FWD,9.1
Zépiqueno,Redmond,0,0,0,0,0,0.0,0.0,0.0,0,0,0.0,0,0,0,0.3,45,FWD,0.0
Harvey,Elliott,0,0,4,97,2,17.8,8.6,18.0,0,13,4.4,0,0,0,0.2,51,MID,0.8
Jadon,Sancho,0,0,11,238,2,81.2,34.8,101.0,0,38,21.9,0,0,0,0.2,58,MID,1.9
Evann,Guessand,0,2,23,511,9,42.4,75.4,109.0,0,70,22.3,1,0,0,0.0,62,MID,3.7
James,Wright,0,0,0,0,0,0.0,0.0,0.0,0,0,0.0,0,0,0,0.6,39,GK,0.0
Triston,Rowe,0,0,0,0,0,0.0,0.0,0.0,0,0,0.0,0,0,0,0.1,40,DEF,0.0
Bradley,Burrowes,0,0,1,16,1,0.3,0.0,0.0,0,3,0.0,0,0,0,0.1,44,MID,0.2
Sam,Proctor,0,0,0,0,0,0.0,0.0,0.0,0,0,0.0,0,0,0,0.6,39,GK,0.0
Travis,Patterson,0,0,0,0,0,0.0,0.0,0.0,0,0,0.0,0,0,0,0.2,39,DEF,0.0
Victor,Lindelöf,0,1,14,475,9,15.9,102.2,4.0,0,58,12.3,0,0,0,0.1,45,DEF,3.1
George,Hemmings,0,0,1,8,0,1.0,0.0,0.0,0,3,0.1,0,0,0,0.0,45,MID,0.2
Ronnie,Hollingshead,0,0,0,0,0,0.0,0.0,0.0,0,0,0.0,0,0,0,0.0,40,GK,0.0
Leon,Routh,0,0,0,0,0,0.0,0.0,0.0,0,0,0.0,0,0,0,0.0,40,DEF,0.0
TJ,Carroll,0,0,0,0,0,0.0,0.0,0.0,0,0,0.0,0,0,0,0.0,40,DEF,0.0
Max,Weiß,0,0,0,0,0,0.0,0.0,0.0,0,0,0.0,0,0,0,0.1,43,GK,0.0
Etienne,Green,0,0,0,0,0,0.0,0.0,0.0,0,0,0.0,0,0,0,0.2,40,GK,0.0
Václav,Hladký,0,0,0,0,0,0.0,0.0,0.0,0,0,0.0,0,0,0,0.2,39,GK,0.0
Connor,Roberts,0,0,0,0,0,0.0,0.0,0.0,0,0,0.0,0,0,0,0.0,44,DEF,0.0
Kyle,Walker,0,1,42,1696,36,91.7,281.8,22.0,3,118,39.7,3,0,7,1.2,44,DEF,9.5
Hannes,Delcroix,0,0,0,0,0,0.0,0.0,0.0,0,0,0.0,0,0,0,0.3,38,DEF,0.0
Owen,Dodgson,0,0,0,0,0,0.0,0.0,0.0,0,0,0.0,0,0,0,0.0,40,DEF,0.0
Hjalmar,Ekdal,0,0,43,1163,24,43.1,267.6,78.0,2,117,38.9,2,0,0,0.9,39,DEF,11.0
Maxime,Estève,0,0,42,1446,35,67.4,340.6,60.0,0,131,47.0,2,0,0,9.0,39,DEF,10.8
Quilindschy,Hartman,0,5,46,1337,28,228.9,305.4,57.0,0,170,59.2,2,0,1,0.9,40,DEF,11.5
Bashir,Humphreys,0,0,12,257,5,7.2,65.8,14.0,0,43,8.6,1,0,1,0.1,39,DEF,3.1
Jordan,Beyer,0,0,0,0,0,0.0,0.0,0.0,0,0,0.0,0,0,0,0.1,39,DEF,0.0
Lucas,Pires Silva,0,0,8,411,9,91.2,60.8,38.0,0,33,18.9,1,1,0,0.2,38,DEF,2.1
Shurandy,Sambo,0,0,0,0,0,0.0,0.0,0.0,0,0,0.0,0,0,0,0.0,40,DEF,0.0
Oliver,Sonne,1,0,12,163,4,18.0,44.8,30.0,0,20,9.2,0,0,0,0.3,38,DEF,3.2
Axel,Tuanzebe,0,0,18,706,17,8.6,149.8,0.0,0,59,16.0,1,0,1,1.1,39,DEF,4.6
Joe,Worrall,0,0,7,154,3,0.8,42.4,2.0,0,19,4.6,0,0,0,0.2,38,DEF,1.8
Jaidon,Anthony,4,2,63,1219,25,221.5,280.0,255.0,5,230,75.6,3,0,3,2.1,51,MID,12.4
Manuel,Benson Hedilazio,0,0,0,0,0,0.0,0.0,0.0,0,0,0.0,0,0,0,0.0,54,MID,0.0
Jacob,Bruun Larsen,0,1,31,853,23,175.9,104.6,123.0,0,94,40.3,3,0,0,0.0,53,MID,5.8
Enock,Agyei,0,0,0,0,0,0.0,0.0,0.0,0,0,0.0,0,0,0,0.0,47,MID,0.0
Darko,Churlinov,0,0,0,0,0,0.0,0.0,0.0,0,0,0.0,0,0,0,0.0,49,MID,0.0
Josh,Cullen,2,2,70,1513,29,218.1,342.0,98.0,8,321,66.0,3,0,2,1.3,50,MID,14.0
Marcus,Edwards,0,1,16,308,4,147.9,62.2,91.0,0,64,29.9,1,0,0,0.1,47,MID,3.4
Hannibal,Mejbri,0,2,22,395,10,105.2,56.0,30.0,0,89,19.1,1,0,3,0.1,47,MID,4.7
Luca,Koleosho,0,0,0,0,0,0.0,0.0,0.0,0,0,0.0,0,0,0,0.0,50,MID,0.0
Josh,Laurent,1,0,37,963,24,78.8,189.0,68.0,1,153,33.7,1,0,3,0.0,48,MID,7.7
Loum,Tchaouna,1,1,32,752,11,76.0,85.4,101.0,0,108,26.2,2,0,1,0.0,49,MID,6.5
Aaron,Ramsey,0,0,0,0,0,0.0,0.0,0.0,0,0,0.0,0,0,0,1.5,44,MID,0.0
Oluwaseun,Adewumi,0,0,0,0,0,0.0,0.0,0.0,0,0,0.0,0,0,0,0.0,45,MID,0.0
Jaydon,Banel,0,0,1,9,0,0.5,0.0,0.0,0,2,0.0,0,0,0,0.0,45,MID,0.2
Mike,Trésor Ndayishimiye,0,0,4,19,1,0.4,0.6,2.0,0,10,0.3,0,0,0,0.1,44,MID,0.9
Zian,Flemming,5,0,42,660,10,58.6,209.0,207.0,3,157,46.8,2,0,3,0.4,53,FWD,7.9
Zeki,Amdouni,0,0,0,0,0,0.0,0.0,0.0,0,0,0.0,0,0,0,0.0,48,FWD,0.0
Lyle,Foster,2,1,36,866,19,107.0,128.4,127.0,4,132,35.8,3,0,2,0.8,49,FWD,7.3
Ashley,Barnes,0,0,2,9,1,0.3,0.2,7.0,0,6,0.8,0,0,0,1.3,42,FWD,0.5
Michael,Obafemi,0,0,0,0,0,0.0,0.0,0.0,0,0,0.0,0,0,0,0.1,44,FWD,0.0
Martin,Dúbravka,0,0,60,1800,39,0.0,549.0,0.0,5,257,55.1,3,0,0,33.4,40,GK,15.0
Lesley,Ugochukwu,3,1,57,1192,25,105.2,244.8,164.0,5,208,51.1,3,1,0,0.1,50,MID,11.4
Armando,Broja,1,1,30,551,20,56.8,91.8,174.0,2,87,32.5,1,0,0,0.2,52,FWD,5.8
Florentino Ibrain,Morris Luís,0,1,48,1223,27,143.3,261.6,39.0,0,222,44.6,2,0,3,0.0,50,MID,9.6
Oliver,Pimlott,0,0,0,0,0,0.0,0.0,0.0,0,0,0.0,0,0,0,0.0,45,MID,0.0
George,Brierley,0,0,0,0,0,0.0,0.0,0.0,0,0,0.0,0,0,0,0.0,45,MID,0.0
Norberto,Murara Neto,0,0,0,0,0,0.0,0.0,0.0,0,0,0.0,0,0,0,0.1,45,GK,0.0
Đorđe,Petrović,0,0,56,1800,38,0.0,421.0,0.0,1,218,42.3,5,0,1,4.8,45,GK,12.4
Will,Dennis,0,0,0,0,0,0.0,0.0,0.0,0,0,0.0,0,0,0,0.9,40,GK,0.0
Callan,McKenna,0,0,0,0,0,0.0,0.0,0.0,0,0,0.0,0,0,0,0.2,39,GK,0.0
Alex,Paulsen,0,0,0,0,0,0.0,0.0,0.0,0,0,0.0,0,0,0,0.1,40,GK,0.0
Illia,Zabarnyi,0,0,0,0,0,0.0,0.0,0.0,0,0,0.0,0,0,0,0.0,50,DEF,0.0
Marcos,Senesi Barón,0,3,82,1668,37,250.0,633.6,101.0,6,263,98.5,5,0,6,14.5,48,DEF,17.1
Adam,Smith,0,1,20,522,12,28.3,56.2,18.0,0,50,10.2,2,0,1,0.2,44,DEF,4.5
Adrien,Truffert,0,1,66,1758,35,300.7,410.0,81.0,7,253,79.1,5,0,3,1.9,45,DEF,14.7
Matai,Akinmboni,0,0,0,0,0,0.0,0.0,0.0,0,0,0.0,0,0,0,0.2,38,DEF,0.0
Owen,Bevan,0,0,0,0,0,0.0,0.0,0.0,0,0,0.0,0,0,0,0.2,38,DEF,0.0
James,Hill,0,0,25,482,8,19.9,111.4,49.0,0,79,18.0,2,0,1,0.6,39,DEF,6.4
Julián,Araujo Zúñiga,0,0,0,0,0,0.0,0.0,0.0,0,0,0.0,0,0,0,0.7,38,DEF,0.0
Chris,Mepham,0,0,0,0,0,0.0,0.0,0.0,0,0,0.0,0,0,0,0.1,40,DEF,0.0
Julio,Soler Barreto,0,0,3,34,2,2.5,1.8,2.0,0,2,0.6,0,0,0,0.2,40,DEF,0.8
Justin,Kluivert,2,0,40,914,18,304.1,146.6,128.0,3,147,57.8,4,0,4,0.8,70,MID,5.7
Antoine,Semenyo,9,5,114,1710,36,343.5,517.6,597.0,14,367,146.0,5,0,5,44.8,76,MID,15.0
Marcus,Tavernier,4,2,81,1606,34,404.7,363.4,307.0,8,306,107.7,6,0,3,2.5,56,MID,14.5
Tyler,Adams,2,1,50,1196,23,74.0,266.2,105.0,3,245,44.7,4,0,5,0.3,50,MID,10.0
David,Brooks,1,1,39,906,16,287.1,176.0,374.0,4,159,82.3,4,0,6,0.2,50,MID,7.8
Ryan,Christie,1,1,18,287,7,58.0,79.4,84.0,0,68,22.3,0,0,1,0.1,49,MID,3.7
Lewis,Cook,0,1,19,410,12,129.1,112.4,10.0,0,99,25.3,0,1,0,0.0,49,MID,3.9
Philip,Billing,0,0,0,0,0,0.0,0.0,0.0,0,0,0.0,0,0,0,0.0,49,MID,0.0
Alex,Scott,1,1,58,1318,26,178.4,238.0,126.0,3,270,53.8,5,0,2,0.2,50,MID,11.6
Luis,Sinisterra Lucumí,0,0,0,0,0,0.0,0.0,0.0,0,0,0.0,0,0,0,0.0,50,MID,0.0
Romain,Faivre,0,0,0,0,0,0.0,0.0,0.0,0,0,0.0,0,0,0,0.1,45,MID,0.0
Hamed,Traorè,0,1,4,16,2,10.0,21.2,0.0,0,12,3.1,0,0,0,0.3,45,MID,0.9
Dominic,Sadi,0,0,0,0,0,0.0,0.0,0.0,0,0,0.0,0,0,0,0.0,45,MID,0.0
Zain,Silcott-Duberry,0,0,0,0,0,0.0,0.0,0.0,0,0,0.0,0,0,0,0.1,44,MID,0.0
Ben,Winterburn,0,0,1,6,2,0.0,0.0,0.0,0,3,0.0,0,0,0,0.0,45,MID,0.2
Francisco Evanilson,de Lima Barbosa,3,3,56,1343,27,193.1,147.0,401.0,3,194,73.8,5,0,1,1.5,70,FWD,8.0
Enes,Ünal,1,0,12,85,1,4.1,38.0,43.0,1,39,8.3,0,0,1,0.0,54,FWD,2.2
Daniel,Adu-Adjei,0,0,0,0,0,0.0,0.0,0.0,0,0,0.0,0,0,0,0.1,44,FWD,0.0
Junior,Kroupi,6,0,47,505,14,72.4,231.2,230.0,5,221,53.3,2,0,2,3.8,46,FWD,10.2
Ben,Gannon-Doak,0,1,7,53,1,14.0,21.2,11.0,0,22,4.7,0,0,0,0.0,48,MID,1.5
Bafodé,Diakité,0,0,43,1260,26,54.3,262.8,22.0,2,158,34.0,4,0,1,0.3,43,DEF,10.0
Remy,Rees-Dottin,0,0,0,0,0,0.0,0.0,0.0,0,0,0.0,0,0,0,0.1,44,MID,0.0
Amine,Adli,1,0,21,426,10,87.2,112.4,109.0,0,88,30.2,0,0,1,0.0,54,MID,3.9
Álex,Jiménez Sánchez,0,2,31,1067,25,91.7,163.2,74.0,0,109,32.8,2,0,4,0.1,45,DEF,6.9
Veljko,Milosavljevic,0,0,17,365,6,13.9,98.4,10.0,0,57,12.2,1,0,0,0.0,44,DEF,3.9
Malcom,DaCosta,0,0,0,0,0,0.0,0.0,0.0,0,0,0.0,0,0,0,0.0,45,MID,0.0
Fraser,Forster,0,0,0,0,0,0.0,0.0,0.0,0,0,0.0,0,0,0,0.0,40,GK,0.0
Reiss,Nelson,0,0,5,42,1,3.5,16.4,12.0,0,19,3.1,0,0,0,0.1,48,MID,1.0
Dango,Ouattara,3,4,64,1061,15,96.5,183.6,309.0,6,176,58.4,3,0,3,0.4,58,MID,11.0
Caoimhín,Kelleher,0,0,68,1800,28,10.0,478.8,0.0,2,280,49.0,4,0,1,8.8,45,GK,15.1
Ellery,Balcombe,0,0,0,0,0,0.0,0.0,0.0,0,0,0.0,0,0,0,0.3,39,GK,0.0
Matthew,Cox,0,0,0,0,0,0.0,0.0,0.0,0,0,0.0,0,0,0,0.2,39,GK,0.0
Julian,Eyestone,0,0,0,0,0,0.0,0.0,0.0,0,0,0.0,0,0,0,0.1,39,GK,0.0
Hákon Rafn,Valdimarsson,0,0,0,0,0,0.0,0.0,0.0,0,0,0.0,0,0,0,0.7,39,GK,0.0
Nathan,Collins,1,1,76,1726,27,78.8,542.0,217.0,5,258,84.0,4,0,4,1.8,49,DEF,15.5
Keane,Lewis-Potter,2,1,59,844,15,133.3,170.2,140.0,3,157,44.3,5,0,1,2.3,49,DEF,12.0
Kristoffer,Ajer,0,2,40,881,15,28.5,212.6,112.0,1,112,35.4,2,0,1,0.2,44,DEF,9.1
Rico,Henry,0,1,28,622,11,31.2,59.0,22.0,0,61,11.1,2,0,2,0.1,43,DEF,6.5
Michael,Kayode,0,1,57,1747,27,283.2,348.4,67.0,6,275,70.0,4,0,5,0.7,45,DEF,12.7
Ethan,Pinnock,0,0,4,228,5,1.1,62.8,12.0,0,21,7.6,0,0,1,0.1,42,DEF,1.0
Mads,Roerslev Rasmussen,0,0,0,0,0,0.0,0.0,0.0,0,0,0.0,0,0,0,0.0,45,DEF,0.0
Sepp,van den Berg,0,0,52,1530,25,31.7,341.4,173.0,0,190,54.7,3,0,1,1.0,45,DEF,11.6
Benjamin,Arthur,0,0,0,0,0,0.0,0.0,0.0,0,0,0.0,0,0,0,0.2,39,DEF,0.0
Benjamin,Fredrick,0,0,0,0,0,0.0,0.0,0.0,0,0,0.0,0,0,0,0.1,40,DEF,0.0
Aaron,Hickey,0,0,27,498,6,11.9,57.6,37.0,0,79,10.7,2,0,1,0.5,40,DEF,6.8
Kim,Ji-soo,0,0,0,0,0,0.0,0.0,0.0,0,0,0.0,0,0,0,0.1,39,DEF,0.0
Jayden,Meghoma,0,0,0,0,0,0.0,0.0,0.0,0,0,0.0,0,0,0,0.0,40,DEF,0.0
Kevin,Schade,6,3,79,1555,18,228.0,391.8,493.0,5,270,111.4,6,0,5,2.2,71,MID,11.1
Mikkel,Damsgaard,1,3,55,1131,19,400.6,271.8,132.0,3,231,80.5,2,0,0,0.6,58,MID,9.5
Antoni,Milambo,0,0,1,45,3,1.8,4.0,0.0,0,5,0.6,0,0,0,0.0,52,MID,0.2
Fábio,Freitas Gouveia Carvalho,1,0,13,100,4,6.5,39.0,36.0,1,42,8.1,0,0,0,0.1,47,MID,2.8
Jordan,Henderson,1,3,57,1335,21,268.4,264.4,41.0,5,251,57.3,4,0,4,0.5,50,MID,11.4
Vitaly,Janelt,0,3,45,668,7,163.1,187.4,58.0,3,179,40.6,3,0,2,0.1,49,MID,9.2
Mathias,Jensen,2,0,38,689,9,135.4,146.4,59.0,0,163,33.9,3,0,1,0.1,49,MID,7.8
Gustavo,Nunes Fernandes Gomes,0,0,0,0,0,0.0,0.0,0.0,0,0,0.0,0,0,0,0.0,49,MID,0.0
Frank,Onyeka,0,2,12,88,2,13.6,28.4,4.0,0,41,4.6,0,0,0,0.0,48,MID,2.5
Yehor,Yarmoliuk,0,2,57,1474,24,180.2,233.8,60.0,0,243,47.4,4,0,4,0.1,50,MID,11.4
Romelle,Donovan,0,0,0,0,0,0.0,0.0,0.0,0,0,0.0,0,0,0,0.1,44,MID,0.0
Yunus Emre,Konak,0,0,0,0,0,0.0,0.0,0.0,0,0,0.0,0,0,0,0.2,43,MID,0.0
Paris,Maghoma,0,0,0,0,0,0.0,0.0,0.0,0,0,0.0,0,0,0,0.0,45,MID,0.0
Myles,Peart-Harris,0,0,1,1,0,0.0,0.0,0.0,0,2,0.0,0,0,0,0.0,44,MID,0.2
Ryan,Trevitt,0,0,0,0,0,0.0,0.0,0.0,0,0,0.0,0,0,0,0.0,45,MID,0.0
Igor Thiago,Nascimento Rodrigues,14,1,108,1671,26,163.9,608.2,638.0,15,430,141.0,4,0,3,27.9,69,FWD,15.7
Iwan,Morgan,0,0,0,0,0,0.0,0.0,0.0,0,0,0.0,0,0,0,0.4,44,FWD,0.0
Josh,Dasilva,0,0,0,0,0,0.0,0.0,0.0,0,0,0.0,0,0,0,0.0,49,MID,0.0
Jason,Steele,0,0,0,0,0,0.0,0.0,0.0,0,0,0.0,0,0,0,0.2,42,GK,0.0
Bart,Verbruggen,0,0,65,1800,27,10.0,522.0,0.0,4,344,53.1,5,0,3,5.9,45,GK,14.4
Tom,McGill,0,0,0,0,0,0.0,0.0,0.0,0,0,0.0,0,0,0,0.3,39,GK,0.0
Carl,Rushworth,0,0,0,0,0,0.0,0.0,0.0,0,0,0.0,0,0,0,0.0,40,GK,0.0
Kjell,Scherpen,0,0,0,0,0,0.0,0.0,0.0,0,0,0.0,0,0,0,0.0,40,GK,0.0
Olivier,Boscagli,0,0,9,142,1,10.2,39.0,2.0,2,40,5.2,1,0,1,0.1,42,DEF,2.1
Diego,Coppola,0,0,10,193,3,3.7,42.4,2.0,0,32,4.8,1,0,2,0.1,42,DEF,2.4
Maxim,De Cuyper,2,0,48,885,15,283.6,185.0,116.0,6,179,58.5,3,0,1,2.3,43,DEF,11.2
Lewis,Dunk,0,1,45,1665,26,65.2,341.0,75.0,0,234,48.3,4,0,7,0.9,45,DEF,10.0
Pervis,Estupiñán Tenorio,0,0,0,0,0,0.0,0.0,0.0,0,0,0.0,0,0,0,0.0,45,DEF,0.0
Ferdi,Kadıoğlu,0,1,54,1512,22,247.1,239.0,105.0,4,248,59.4,5,0,4,0.3,44,DEF,12.3
Tariq,Lamptey,0,0,0,0,0,0.0,0.0,0.0,0,0,0.0,0,0,0,0.1,44,DEF,0.0
Jan Paul,van Hecke,3,1,75,1710,27,92.7,574.8,199.0,4,288,86.9,4,0,4,4.4,45,DEF,16.7
Joël,Veltman,1,0,27,583,9,64.8,169.0,52.0,1,101,28.7,1,0,3,0.2,43,DEF,6.3
Adam,Webster,0,0,0,0,0,0.0,0.0,0.0,0,0,0.0,0,0,0,0.0,44,DEF,0.0
Eiran,Cashin,0,0,0,0,0,0.0,0.0,0.0,0,0,0.0,0,0,0,0.0,40,DEF,0.0
Jacob,Slater,0,0,0,0,0,0.0,0.0,0.0,0,0,0.0,0,0,0,0.1,40,DEF,0.0
Charlie,Tasker,0,0,0,0,0,0.0,0.0,0.0,0,0,0.0,0,0,0,0.1,38,DEF,0.0
Mitoma,Kaoru,1,1,26,661,8,190.2,117.0,141.0,0,89,44.4,2,0,1,1.9,61,MID,4.3
Georginio,Rutter,2,4,58,1260,13,235.9,229.4,320.0,2,200,78.5,6,0,2,0.6,56,MID,10.4
Solly,March,0,0,0,0,0,0.0,0.0,0.0,0,0,0.0,0,0,0,0.0,58,MID,0.0
Yankuba,Minteh,1,8,79,1543,23,419.0,290.2,414.0,6,296,112.6,6,0,0,4.9,59,MID,13.4
Julio,Enciso Espínola,0,0,0,0,0,0.0,0.0,0.0,0,0,0.0,0,0,0,0.0,54,MID,0.0
Brajan,Gruda,1,1,32,630,10,190.4,118.6,135.0,2,93,44.1,2,0,2,0.1,54,MID,5.9
Jack,Hinshelwood,1,2,29,500,11,49.9,94.0,50.0,1,109,19.6,1,0,0,0.1,51,MID,5.7
Matt,O'Riley,1,0,12,177,2,66.6,60.8,63.0,2,36,19.0,1,0,0,0.3,55,MID,2.2
Abdallah,Sima,0,0,0,0,0,0.0,0.0,0.0,0,0,0.0,0,0,0,0.0,54,MID,0.0
Yasin,Ayari,2,1,61,1437,17,177.2,222.0,186.0,4,273,58.6,5,0,0,0.3,48,MID,12.7
Carlos,Baleba,0,0,25,894,13,68.4,63.2,16.0,0,97,14.7,4,0,4,1.3,46,MID,5.4
Diego,Gómez Amarilla,3,0,50,1192,19,209.7,259.0,284.0,5,208,75.4,4,0,5,0.2,49,MID,10.2
James,Milner,1,1,19,290,9,89.9,85.8,23.0,0,78,19.7,0,0,2,0.1,49,MID,3.9
Jeremy,Sarmiento Morante,0,0,0,0,0,0.0,0.0,0.0,0,0,0.0,0,0,0,0.0,49,MID,0.0
Tom,Watson,0,0,5,50,2,2.4,6.0,7.0,0,17,1.6,0,0,0,0.0,48,MID,1.0
Mats,Wieffer,0,4,58,1179,17,229.5,303.4,131.0,3,250,66.5,3,0,4,0.2,49,MID,11.8
Malick,Yalcouyé,0,0,0,0,0,0.0,0.0,0.0,0,0,0.0,0,0,0,0.0,50,MID,0.0
Joe,Knight,0,0,1,1,0,0.0,0.0,0.0,0,3,0.0,0,0,0,0.1,44,MID,0.2
Adrian,Mazilu,0,0,0,0,0,0.0,0.0,0.0,0,0,0.0,0,0,0,0.0,45,MID,0.0
Andrew,Moran,0,0,0,0,0,0.0,0.0,0.0,0,0,0.0,0,0,0,0.0,45,MID,0.0
Danny,Welbeck,8,0,64,1100,18,154.0,300.4,314.0,8,252,76.4,3,0,3,4.7,63,FWD,10.2
Evan,Ferguson,0,0,0,0,0,0.0,0.0,0.0,0,0,0.0,0,0,0,0.0,55,FWD,0.0
Stefanos,Tzimas,1,1,16,132,2,65.7,66.6,44.0,0,55,17.7,0,0,0,0.1,52,FWD,3.1
Charalampos,Kostoulas,1,1,18,167,3,69.2,79.8,142.0,0,81,29.1,1,0,1,0.3,48,FWD,3.8
Nehemiah,Oriola,0,0,1,1,0,0.0,0.0,0.0,0,3,0.0,0,0,0,0.0,45,MID,0.2
Freddie,Simmonds,0,0,0,0,0,0.0,0.0,0.0,0,0,0.0,0,0,0,0.0,40,DEF,0.0
Pascal,Groß,0,0,1,19,0,2.3,0.0,6.0,0,0,0.6,0,0,0,0.0,55,MID,0.2
Facundo,Buonanotte,0,0,1,45,1,25.1,5.6,8.0,0,4,3.9,0,0,0,0.1,46,MID,0.2
Robert,Lynch Sánchez,0,1,72,1624,21,50.0,413.6,0.0,4,310,46.1,8,1,2,14.2,49,GK,14.7
Filip,Jörgensen,0,0,3,174,3,0.0,28.2,0.0,0,18,2.8,0,0,0,0.2,43,GK,0.7
Mike,Penders,0,0,0,0,0,0.0,0.0,0.0,0,0,0.0,0,0,0,0.0,40,GK,0.0
Gabriel,Słonina,0,0,0,0,0,0.0,0.0,0.0,0,0,0.0,0,0,0,0.1,39,GK,0.0
Marc,Cucurella Saseta,0,2,72,1504,17,307.3,299.4,113.0,5,330,71.9,8,0,3,17.4,61,DEF,11.8
Reece,James,2,5,82,1336,15,354.3,358.6,83.0,8,339,79.7,5,0,4,11.0,57,DEF,14.4
Trevoh,Chalobah,3,1,99,1650,21,81.6,466.8,143.0,7,366,69.1,8,1,3,17.7,55,DEF,18.0
Levi,Samuels Colwill,0,0,0,0,0,0.0,0.0,0.0,0,0,0.0,0,0,0,0.1,48,DEF,0.0
Malo,Gusto,2,2,71,1141,13,187.6,265.4,114.0,7,266,56.7,6,1,1,2.4,50,DEF,14.2
Benoît,Badiashile Mukinayi,0,0,3,335,7,6.2,57.8,0.0,0,30,6.5,0,0,2,0.0,44,DEF,0.7
Wesley,Fofana,0,0,41,757,8,14.7,214.8,22.0,3,177,25.2,4,0,1,0.5,44,DEF,9.3
Mamadou,Sarr,0,0,0,0,0,0.0,0.0,0.0,0,0,0.0,0,0,0,0.0,45,DEF,0.0
Tosin,Adarabioyo,0,0,27,557,9,17.6,167.8,19.0,2,92,20.5,2,0,1,0.3,41,DEF,6.6
Josh,Acheampong,1,0,29,454,8,10.5,103.2,64.0,5,90,17.9,2,0,0,1.3,38,DEF,7.6
Aarón,Anselmino,0,0,0,0,0,0.0,0.0,0.0,0,0,0.0,0,0,0,0.1,40,DEF,0.0
Cole,Palmer,3,1,35,589,9,110.3,150.2,169.0,1,133,42.8,1,0,0,12.1,104,MID,3.4
Pedro,Lomba Neto,5,3,83,1549,13,507.6,369.2,359.0,6,345,123.8,8,0,2,7.1,72,MID,11.5
Enzo,Fernández,6,2,91,1636,20,458.8,454.2,497.0,11,366,141.1,7,0,4,9.3,64,MID,14.2
Estêvão,Almeida de Oliveira Gonçalves,1,4,39,602,8,189.0,120.4,233.0,2,131,54.1,2,0,3,1.9,64,MID,6.1
Jamie,Bynoe-Gittens,0,2,23,445,5,128.8,93.0,91.0,0,93,31.2,1,0,0,0.1,60,MID,3.8
Christopher,Nkunku,0,0,0,0,0,0.0,0.0,0.0,0,0,0.0,0,0,0,0.1,59,MID,0.0
Moisés,Caicedo Corozo,3,1,65,1252,18,184.9,349.4,62.0,9,295,59.4,4,1,5,8.0,57,MID,11.4
Tyrique,George,0,0,4,142,2,7.0,8.2,56.0,0,2,7.1,1,0,2,0.1,48,MID,0.8
Roméo,Lavia,0,0,4,105,3,7.5,9.6,2.0,0,22,1.8,0,0,0,0.0,49,MID,0.8
Mykhailo,Mudryk,0,0,0,0,0,0.0,0.0,0.0,0,0,0.0,0,0,0,0.0,49,MID,0.0
Andrey,Nascimento dos Santos,0,0,17,484,5,89.1,82.0,52.0,0,79,22.2,1,0,3,0.3,45,MID,3.8
Dário,Luís Essugo,0,0,0,0,0,0.0,0.0,0.0,0,0,0.0,0,0,0,0.1,43,MID,0.0
Kendry,Páez Andrade,0,0,0,0,0,0.0,0.0,0.0,0,0,0.0,0,0,0,0.0,45,MID,0.0
João Pedro,Junqueira de Jesus,6,3,83,1506,16,328.1,380.0,458.0,15,349,116.2,7,0,2,27.5,72,FWD,11.5
Liam,Delap,0,0,14,481,7,22.1,13.4,163.0,0,39,19.2,2,0,2,0.9,62,FWD,2.3
Nicolas,Jackson,0,0,0,0,0,0.0,0.0,0.0,0,0,0.0,0,0,0,0.1,65,FWD,0.0
Marc,Guiu Paz,0,1,12,247,2,38.8,24.6,81.0,0,19,12.6,0,0,1,7.1,43,FWD,2.8
Alejandro,Garnacho Ferreyra,1,3,39,759,10,227.8,136.2,259.0,2,143,61.7,4,0,1,0.5,64,MID,6.1
Jorrel,Hato,0,0,4,194,2,27.9,32.4,6.0,0,13,6.5,0,0,2,0.2,46,DEF,0.9
Landon,Emenalo,0,0,0,0,0,0.0,0.0,0.0,0,0,0.0,0,0,0,0.0,45,MID,0.0
Max,Merrick,0,0,0,0,0,0.0,0.0,0.0,0,0,0.0,0,0,0,0.0,40,GK,0.0
Dean,Henderson,0,0,72,1800,23,10.0,428.2,0.0,2,315,43.7,7,0,2,8.1,51,GK,14.1
Walter,Benítez,0,0,0,0,0,0.0,0.0,0.0,0,0,0.0,0,0,0,0.3,40,GK,0.0
Remi,Matthews,0,0,0,0,0,0.0,0.0,0.0,0,0,0.0,0,0,0,0.1,39,GK,0.0
Daniel,Muñoz Mejía,3,3,89,1260,11,128.1,336.0,240.0,7,291,70.2,7,0,4,6.5,58,DEF,15.3
Maxence,Lacroix,0,2,90,1800,23,71.3,474.6,100.0,4,332,64.5,7,0,3,6.0,51,DEF,17.6
Tyrick,Mitchell,1,0,79,1794,23,251.6,376.4,101.0,5,291,73.0,7,0,3,2.3,50,DEF,15.8
Borna,Sosa,0,0,3,27,1,10.6,4.6,4.0,0,3,1.9,0,0,0,0.1,48,DEF,0.6
Marc,Guéhi,2,4,99,1710,23,133.8,466.2,212.0,8,347,81.2,6,0,4,40.2,53,DEF,18.7
Chris,Richards,0,0,75,1522,19,68.1,382.6,62.0,1,274,51.5,7,0,0,2.1,44,DEF,17.0
Chadi,Riad Dnanou,0,0,0,0,0,0.0,0.0,0.0,0,0,0.0,0,0,0,0.0,40,DEF,0.0
Nathaniel,Clyne,0,1,14,418,8,46.3,74.4,31.0,2,50,15.1,0,0,0,0.8,38,DEF,3.7
Rob,Holding,0,0,0,0,0,0.0,0.0,0.0,0,0,0.0,0,0,0,0.0,40,DEF,0.0
Caleb,Kporha,0,0,0,0,0,0.0,0.0,0.0,0,0,0.0,0,0,0,0.0,40,DEF,0.0
Ismaïla,Sarr,3,1,52,1009,9,152.3,200.8,214.0,6,161,56.8,6,0,1,2.1,64,MID,8.1
Cheick,Doucouré,0,0,0,0,0,0.0,0.0,0.0,0,0,0.0,0,0,0,0.0,49,MID,0.0
Romain,Esse,0,0,4,40,0,2.7,6.8,6.0,0,12,1.5,0,0,0,0.1,47,MID,0.9
Will,Hughes,0,0,23,777,10,159.0,106.6,58.0,0,111,32.4,3,0,4,0.1,47,MID,4.9
Daichi,Kamada,0,2,45,1166,11,164.6,141.0,110.0,0,199,41.6,6,0,1,0.1,50,MID,9.0
Jefferson,Lerma Solís,0,2,33,751,6,104.9,123.0,72.0,1,129,30.0,4,0,4,0.1,49,MID,6.7
Adam,Wharton,0,3,63,1474,22,386.5,260.2,98.0,4,306,74.5,5,0,2,0.9,50,MID,12.6
Asher,Agbinone,0,0,0,0,0,0.0,0.0,0.0,0,0,0.0,0,0,0,0.1,43,MID,0.0
Naouirou,Ahamada,0,0,0,0,0,0.0,0.0,0.0,0,0,0.0,0,0,0,0.0,43,MID,0.0
Justin,Devenny,1,0,24,414,8,78.6,71.0,148.0,0,75,29.8,0,0,0,1.5,43,MID,5.6
Malcolm,Ebiowei,0,0,0,0,0,0.0,0.0,0.0,0,0,0.0,0,0,0,0.0,45,MID,0.0
Jesurun,Rak-Sakyi,0,0,0,0,0,0.0,0.0,0.0,0,0,0.0,0,0,0,0.0,44,MID,0.0
Matheus,França de Oliveira,0,0,0,0,0,0.0,0.0,0.0,0,0,0.0,0,0,0,0.0,45,MID,0.0
David,Ozoh,0,0,0,0,0,0.0,0.0,0.0,0,0,0.0,0,0,0,0.0,45,MID,0.0
Kaden,Rodney,0,0,1,3,0,0.1,0.0,0.0,0,2,0.0,0,0,0,0.0,44,MID,0.2
Franco,Umeh-Chibueze,0,0,0,0,0,0.0,0.0,0.0,0,0,0.0,0,0,0,0.0,45,MID,0.0
Jean-Philippe,Mateta,8,0,78,1640,18,103.3,378.8,596.0,9,265,107.6,7,0,2,11.6,76,FWD,10.3
Eddie,Nketiah,2,0,23,414,12,84.6,120.0,173.0,3,100,37.8,0,0,2,0.5,54,FWD,4.3
Odsonne,Édouard,0,0,1,2,0,0.0,2.0,0.0,0,6,0.2,0,0,0,0.2,50,FWD,0.2
Zach,Marsh,0,0,0,0,0,0.0,0.0,0.0,0,0,0.0,0,0,0,0.3,45,FWD,0.0
Brennan,Johnson,2,0,35,673,6,121.0,146.8,111.0,2,125,37.8,3,0,3,2.5,65,MID,5.4
Rio,Cardines,0,0,0,0,0,0.0,0.0,0.0,0,0,0.0,0,0,0,0.3,44,MID,0.0
Yéremy,Pino Santos,1,1,45,1257,17,391.8,184.2,234.0,1,183,80.7,5,0,3,0.3,58,MID,7.8
Jaydee,Canvot,0,0,17,198,3,3.7,69.8,10.0,2,46,8.4,1,0,0,0.0,45,DEF,3.8
Christantus,Uche,0,1,13,109,4,4.2,10.8,65.0,0,37,7.7,0,0,0,0.0,55,FWD,2.4
Joél,Drakes-Thomas,0,0,2,7,1,1.0,1.4,0.0,0,6,0.3,0,0,0,0.0,45,MID,0.4
Dean,Benamar,0,0,0,0,0,0.0,0.0,0.0,0,0,0.0,0,0,0,0.0,40,DEF,0.0
Ben,Casey,0,0,0,0,0,0.0,0.0,0.0,0,0,0.0,0,0,0,0.0,45,FWD,0.0
Kiernan,Dewsbury-Hall,4,3,75,1257,16,315.4,286.8,189.0,10,291,79.1,6,0,5,3.2,50,MID,15.0
Jordan,Pickford,0,0,87,1800,24,0.1,481.6,0.0,8,335,48.1,8,0,0,12.6,56,GK,15.5
Mark,Travers,0,0,0,0,0,0.0,0.0,0.0,0,0,0.0,0,0,0,0.1,43,GK,0.0
Harry,Tyrer,0,0,0,0,0,0.0,0.0,0.0,0,0,0.0,0,0,0,0.1,39,GK,0.0
Jarrad,Branthwaite,0,0,0,0,0,0.0,0.0,0.0,0,0,0.0,0,0,0,0.1,53,DEF,0.0
James,Tarkowski,0,1,96,1800,24,156.8,519.0,150.0,6,345,82.8,8,0,4,11.5,56,DEF,17.1
Vitalii,Mykolenko,0,0,54,1525,23,173.6,278.6,40.0,1,192,49.2,6,0,4,0.8,49,DEF,11.0
Jake,O'Brien,0,1,65,1668,23,144.6,298.6,90.0,1,221,53.6,7,0,1,0.7,49,DEF,13.3
Séamus,Coleman,0,0,3,11,0,0.1,0.0,0.0,0,10,0.0,0,0,0,0.1,42,DEF,0.7
Michael,Keane,2,0,91,1594,24,25.6,476.4,148.0,8,265,64.9,6,0,0,6.8,48,DEF,19.0
Nathan,Patterson,0,0,9,73,0,1.7,21.0,17.0,0,30,3.9,1,0,0,0.0,44,DEF,2.0
Roman,Dixon,0,0,0,0,0,0.0,0.0,0.0,0,0,0.0,0,0,0,0.2,38,DEF,0.0
Reece,Welch,0,0,0,0,0,0.0,0.0,0.0,0,0,0.0,0,0,0,0.1,38,DEF,0.0
Iliman,Ndiaye,4,2,73,1343,19,240.2,341.0,294.0,3,294,87.6,6,0,2,3.4,62,MID,11.8
Dwight,McNeil,0,1,21,390,2,100.6,60.2,34.0,0,63,19.4,2,0,0,0.2,55,MID,3.8
Carlos,Alcaraz Durán,0,1,25,656,8,144.0,79.4,156.0,0,104,38.0,3,0,3,0.1,52,MID,4.8
Idrissa Gana,Gueye,2,0,44,1051,13,112.5,198.6,112.0,3,211,42.3,3,1,0,0.1,54,MID,8.1
James,Garner,2,3,89,1793,24,402.0,470.6,151.0,8,442,102.5,8,0,4,3.0,51,MID,17.5
Tim,Iroegbunam,0,2,42,833,8,46.3,136.8,26.0,0,131,20.8,7,0,6,0.0,48,MID,8.8
Harrison,Armstrong,0,0,2,14,1,11.3,3.6,0.0,0,6,1.5,0,0,0,0.0,45,MID,0.4
Callum,Bates,0,0,0,0,0,0.0,0.0,0.0,0,0,0.0,0,0,0,0.1,43,MID,0.0
Coby,Ebere,0,0,0,0,0,0.0,0.0,0.0,0,0,0.0,0,0,0,0.0,44,MID,0.0
Isaac,Heath,0,0,0,0,0,0.0,0.0,0.0,0,0,0.0,0,0,0,0.0,45,MID,0.0
Jenson,Metcalfe,0,0,0,0,0,0.0,0.0,0.0,0,0,0.0,0,0,0,0.0,45,MID,0.0
Thierno,Barry,3,0,40,1012,15,98.2,126.0,245.0,0,111,45.4,6,0,2,0.5,57,FWD,7.0
Norberto Bercique,Gomes Betuncal,2,0,35,821,12,52.6,125.8,289.0,1,83,45.3,2,0,1,2.5,50,FWD,7.0
Youssef,Ramalho Chermiti,0,0,0,0,0,0.0,0.0,0.0,0,0,0.0,0,0,0,0.1,49,FWD,0.0
Martin,Sherif,0,0,0,0,0,0.0,0.0,0.0,0,0,0.0,0,0,0,0.1,44,FWD,0.0
Jack,Grealish,2,6,77,1448,22,489.3,363.2,363.0,12,339,121.6,6,0,3,9.6,65,MID,11.8
Tom,King,0,0,0,0,0,0.0,0.0,0.0,0,0,0.0,0,0,0,1.3,39,GK,0.0
Adam,Aznou,0,0,0,0,0,0.0,0.0,0.0,0,0,0.0,0,0,0,0.1,42,DEF,0.0
Tyler,Onyango,0,0,0,0,0,0.0,0.0,0.0,0,0,0.0,0,0,0,0.1,45,MID,0.0
Elijah,Campbell,0,0,0,0,0,0.0,0.0,0.0,0,0,0.0,0,0,0,0.2,39,DEF,0.0
Tyler,Dibling,0,0,15,319,2,48.7,40.8,28.0,0,43,11.4,2,0,2,0.0,53,MID,2.8
Merlin,Röhl,0,0,12,262,4,44.0,49.8,26.0,0,31,12.0,1,0,0,0.0,50,MID,2.4
Braiden,Graham,0,0,0,0,0,0.0,0.0,0.0,0,0,0.0,0,0,0,0.0,45,FWD,0.0
Bernd,Leno,0,0,61,1800,29,0.0,428.4,0.0,3,260,42.7,5,0,3,1.7,49,GK,12.4
Steven,Benda,0,0,0,0,0,0.0,0.0,0.0,0,0,0.0,0,0,0,0.0,40,GK,0.0
Antonee,Robinson,0,0,27,511,5,176.4,139.4,28.0,4,113,34.4,2,0,0,0.7,49,DEF,5.5
Joachim,Andersen,0,0,74,1661,26,72.8,470.4,79.0,4,256,62.3,5,0,4,5.8,46,DEF,16.1
Calvin,Bassey,1,0,55,1358,25,74.1,335.2,54.0,6,178,46.5,3,0,3,0.4,44,DEF,12.5
Timothy,Castagne,0,1,19,674,16,100.6,138.6,79.0,0,80,31.9,0,0,1,0.1,43,DEF,4.4
Issa,Diop,0,0,7,320,7,2.6,55.0,4.0,0,19,6.2,0,0,1,0.1,43,DEF,1.6
Jorge,Cuenca Barreno,0,0,27,528,5,22.3,145.6,6.0,1,105,17.4,2,0,2,0.1,43,DEF,6.3
Kenny,Tete,1,0,65,1346,18,137.2,322.4,79.0,5,251,53.9,5,0,2,0.6,45,DEF,14.4
Samuel,Amissah,0,0,0,0,0,0.0,0.0,0.0,0,0,0.0,0,0,0,0.1,38,DEF,0.0
Alex,Iwobi,2,2,56,1329,24,361.1,264.8,146.0,5,263,77.3,3,0,2,0.7,63,MID,8.9
Emile,Smith Rowe,3,0,44,820,12,176.9,180.2,216.0,1,190,57.3,2,0,1,0.8,56,MID,7.9
Adama,Traoré Diarra,0,0,16,260,7,61.8,20.2,57.0,0,56,13.5,0,0,0,0.1,51,MID,3.1
Andreas,Hoelgebaum Pereira,0,0,0,0,0,0.0,0.0,0.0,0,0,0.0,0,0,0,0.1,53,MID,0.0
Ryan,Sessegnon,2,2,56,1106,21,106.7,246.2,122.0,5,201,47.4,3,0,0,0.2,54,MID,10.4
Harry,Wilson,6,6,93,1407,19,302.1,397.2,320.0,11,352,101.7,5,0,5,18.1,58,MID,16.0
Sander,Berge,0,1,44,1631,27,216.6,245.8,46.0,0,268,51.0,5,0,3,0.1,49,MID,9.0
Tom,Cairney,1,0,19,325,6,58.5,64.2,41.0,1,74,16.6,0,0,2,0.0,48,MID,4.0
Saša,Lukić,1,3,47,1126,17,315.1,223.2,100.0,3,218,63.8,3,0,5,0.1,49,MID,9.6
Martial,Godo,0,0,0,0,0,0.0,0.0,0.0,0,0,0.0,0,0,0,0.0,45,MID,0.0
Luke,Harris,0,0,0,0,0,0.0,0.0,0.0,0,0,0.0,0,0,0,0.0,45,MID,0.0
Josh,King,0,1,31,863,14,105.2,104.0,172.0,0,109,37.3,3,0,3,2.3,44,MID,7.0
Harrison,Reed,1,0,10,7,1,8.4,35.4,7.0,2,31,5.1,0,0,0,0.3,43,MID,2.3
Raúl,Jiménez Rodríguez,4,4,62,1218,16,171.7,238.6,398.0,5,219,80.3,4,0,3,2.0,62,FWD,10.0
Rodrigo,Muniz Carvalho,1,1,17,348,4,42.0,61.8,122.0,3,47,22.2,1,0,1,0.7,53,FWD,3.2
Benjamin,Lecomte,0,0,0,0,0,0.0,0.0,0.0,0,0,0.0,0,0,0,0.7,39,GK,0.0
Samuel,Chukwueze,2,4,35,393,10,140.8,170.6,124.0,1,143,43.6,0,0,0,0.1,53,MID,6.6
Kevin,Santos Lopes de Macedo,0,2,31,661,9,180.7,142.4,160.0,0,117,48.2,4,0,1,0.1,58,MID,5.3
Jonah,Kusi-Asare,0,0,4,28,1,11.4,1.2,8.0,0,12,2.1,0,0,0,0.1,45,FWD,0.9
Seth,Ridgeon,0,0,0,0,0,0.0,0.0,0.0,0,0,0.0,0,0,0,0.0,45,MID,0.0
Alfie,McNally,0,0,0,0,0,0.0,0.0,0.0,0,0,0.0,0,0,0,0.0,40,GK,0.0
Illan,Meslier,0,0,0,0,0,0.0,0.0,0.0,0,0,0.0,0,0,0,0.3,42,GK,0.0
Alex,Cairns,0,0,0,0,0,0.0,0.0,0.0,0,0,0.0,0,0,0,0.2,39,GK,0.0
Karl,Darlow,0,0,10,450,8,0.0,105.0,0.0,0,55,10.5,0,0,0,2.0,39,GK,2.6
Jayden,Bogle,0,2,45,1580,30,140.8,209.4,108.0,0,113,45.9,3,0,4,0.2,44,DEF,10.2
Pascal,Struijk,0,1,56,1538,27,101.5,371.8,162.0,3,205,63.5,3,0,3,0.3,43,DEF,13.0
Jaka,Bijol,1,1,40,892,14,36.6,252.2,118.0,2,147,40.7,1,0,1,0.6,39,DEF,10.3
Sebastiaan,Bornauw,0,0,10,163,1,4.9,23.6,6.0,0,32,3.4,1,0,0,0.1,38,DEF,2.6
Sam,Byram,0,0,1,7,1,0.0,0.0,0.0,0,-2,0.0,0,0,0,0.2,38,DEF,0.3
Gabriel,Gudmundsson,0,0,49,1650,29,286.0,320.2,110.0,8,201,71.7,3,0,2,4.0,38,DEF,12.9
Joe,Rodon,2,0,57,1560,32,58.8,415.8,154.0,5,197,62.9,2,0,1,3.6,39,DEF,14.6
Isaac,Schmidt,0,0,0,0,0,0.0,0.0,0.0,0,0,0.0,0,0,0,0.1,40,DEF,0.0
Brenden,Aaronson,2,6,70,1152,16,256.0,256.4,287.0,3,255,79.9,4,0,1,0.2,54,MID,13.0
Wilfried,Gnonto,0,2,18,316,9,73.1,54.8,27.0,0,79,15.6,1,0,2,0.1,52,MID,3.5
Jack,Harrison,0,0,12,262,5,49.4,30.0,35.0,0,51,11.5,0,0,0,0.1,51,MID,2.4
Daniel,James,0,0,13,348,12,95.0,36.0,87.0,0,50,21.9,1,0,0,0.1,52,MID,2.5
Ethan,Ampadu,1,0,58,1499,26,140.9,301.2,77.0,3,273,52.1,3,0,5,0.1,49,MID,11.8
Sam,Greenwood,0,0,0,0,0,0.0,0.0,0.0,0,0,0.0,0,0,0,0.0,49,MID,0.0
Ilia,Gruev,0,1,21,560,13,48.8,67.4,6.0,0,114,12.3,2,0,1,0.0,47,MID,4.5
Largie,Ramazani,0,0,0,0,0,0.0,0.0,0.0,0,0,0.0,0,0,0,0.0,49,MID,0.0
Tanaka,Ao,2,0,40,703,14,122.5,133.0,78.0,2,155,33.3,2,0,1,0.3,48,MID,8.3
Charlie,Crew,0,0,0,0,0,0.0,0.0,0.0,0,0,0.0,0,0,0,0.0,45,MID,0.0
Joe,Gelhardt,0,0,0,0,0,0.0,0.0,0.0,0,0,0.0,0,0,0,0.0,45,MID,0.0
Darko,Gyabi,0,0,0,0,0,0.0,0.0,0.0,0,0,0.0,0,0,0,0.0,45,MID,0.0
Joël,Piroe,0,0,11,201,6,20.7,6.0,90.0,0,22,11.2,1,0,0,0.4,49,FWD,2.2
Patrick,Bamford,0,0,0,0,0,0.0,0.0,0.0,0,0,0.0,0,0,0,0.3,49,FWD,0.0
Mateo,Joseph Fernández-Regatillo,0,0,0,0,0,0.0,0.0,0.0,0,0,0.0,0,0,0,0.0,50,FWD,0.0
Lukas,Nmecha,4,0,41,590,12,44.6,159.4,221.0,4,147,42.5,2,0,0,0.5,50,FWD,8.2
Sean,Longstaff,1,2,40,877,15,327.0,228.2,54.0,4,221,60.9,1,0,1,0.2,48,MID,8.3
Anton,Stach,3,5,85,1450,26,550.3,375.4,200.0,6,328,112.7,3,0,2,3.3,49,MID,17.3
Lucas Estella,Perri,0,0,42,1350,25,0.0,298.0,0.0,3,150,29.8,3,0,2,0.3,45,GK,9.3
Dominic,Calvert-Lewin,8,1,81,1223,18,170.4,311.4,542.0,15,269,101.6,3,0,0,11.1,59,FWD,13.7
Noah,Okafor,2,2,48,1021,19,160.6,165.4,253.0,3,160,57.9,2,0,2,0.1,55,MID,8.7
James,Justin,0,0,18,339,5,5.8,73.2,14.0,0,54,9.4,1,0,1,0.2,39,DEF,4.6
Harry,Gray,0,0,0,0,0,0.0,0.0,0.0,0,0,0.0,0,0,0,0.1,45,FWD,0.0
Sam,Chambers,0,0,0,0,0,0.0,0.0,0.0,0,0,0.0,0,0,0,0.0,45,MID,0.0
Alisson,Becker,0,0,52,1350,18,0.1,253.2,0.0,3,213,25.3,5,0,0,5.9,54,GK,9.6
Giorgi,Mamardashvili,0,0,19,450,10,0.0,140.0,0.0,0,70,13.9,1,0,0,0.6,42,GK,4.5
Ármin,Pécsi,0,0,0,0,0,0.0,0.0,0.0,0,0,0.0,0,0,0,0.3,39,GK,0.0
Freddie,Woodman,0,0,0,0,0,0.0,0.0,0.0,0,0,0.0,0,0,0,0.2,39,GK,0.0
Jeremie,Frimpong,0,4,26,300,4,69.1,55.8,55.0,0,94,18.1,1,0,0,5.5,57,DEF,4.6
Milos,Kerkez,1,0,43,1323,21,238.2,266.8,96.0,1,193,60.1,3,0,3,2.9,56,DEF,7.7
Andrew,Robertson,0,0,23,481,7,166.8,105.2,49.0,2,108,32.2,2,0,0,1.0,58,DEF,4.0
Virgil,van Dijk,0,0,73,1800,28,113.6,555.6,142.0,4,286,81.0,6,0,3,23.2,59,DEF,12.4
Ibrahima,Konaté,0,0,72,1696,25,97.6,429.4,71.0,6,276,60.0,6,0,4,3.4,54,DEF,13.3
Conor,Bradley,0,2,36,838,13,101.7,141.8,61.0,2,133,30.3,3,0,5,0.2,50,DEF,7.2
Joe,Gomez,0,2,24,245,5,56.3,70.2,20.0,2,70,14.6,2,0,2,0.1,49,DEF,4.9
Konstantinos,Tsimikas,0,0,0,0,0,0.0,0.0,0.0,0,0,0.0,0,0,0,0.0,48,DEF,0.0
Amara,Nallo,0,0,0,0,0,0.0,0.0,0.0,0,0,0.0,0,0,0,0.7,37,DEF,0.0
Rhys,Williams,0,0,0,0,0,0.0,0.0,0.0,0,0,0.0,0,0,0,0.2,38,DEF,0.0
Calvin,Ramsay,0,0,0,0,0,0.0,0.0,0.0,0,0,0.0,0,0,0,0.2,38,DEF,0.0
Mohamed,Salah,4,3,64,1183,21,454.7,283.2,408.0,5,206,114.6,4,0,1,14.4,140,MID,4.6
Florian,Wirtz,2,2,68,1314,16,495.3,258.0,364.0,11,289,111.8,6,0,1,10.6,82,MID,8.3
Luis,Díaz Marulanda,0,0,0,0,0,0.0,0.0,0.0,0,0,0.0,0,0,0,0.0,80,MID,0.0
Cody,Gakpo,5,3,73,1254,20,372.4,296.2,428.0,5,255,109.5,4,0,1,5.3,73,MID,10.0
Federico,Chiesa,2,1,27,227,6,32.7,111.0,104.0,0,104,24.8,0,0,2,0.3,63,MID,4.3
Alexis,Mac Allister,0,2,42,1296,19,237.2,187.2,160.0,0,212,58.5,4,0,2,1.3,62,MID,6.8
Dominik,Szoboszlai,2,1,68,1702,27,624.0,390.0,200.0,8,366,121.5,6,0,5,4.8,66,MID,10.3
Curtis,Jones,0,1,34,964,18,249.4,179.4,78.0,1,223,50.5,2,0,1,0.2,54,MID,6.3
Ryan,Gravenberch,4,3,91,1591,22,273.7,405.0,114.0,13,396,79.3,6,0,3,6.9,57,MID,16.0
Endo,Wataru,0,1,7,43,4,11.1,31.2,0.0,0,23,4.2,0,0,1,0.1,49,MID,1.4
Stefan,Bajčetić Maquieira,0,0,0,0,0,0.0,0.0,0.0,0,0,0.0,0,0,0,0.0,43,MID,0.0
James,McConnell,0,0,0,0,0,0.0,0.0,0.0,0,0,0.0,0,0,0,0.0,44,MID,0.0
Tyler,Morton,0,0,0,0,0,0.0,0.0,0.0,0,0,0.0,0,0,0,0.0,45,MID,0.0
Trey,Nyoni,0,0,2,2,0,10.3,2.2,0.0,0,5,1.3,0,0,0,0.4,43,MID,0.5
Darwin,Núñez Ribeiro,0,0,0,0,0,0.0,0.0,0.0,0,0,0.0,0,0,0,0.1,65,FWD,0.0
Jayden,Danns,0,0,0,0,0,0.0,0.0,0.0,0,0,0.0,0,0,0,0.1,43,FWD,0.0
Alexander,Isak,2,1,29,501,7,36.5,97.6,143.0,2,96,26.9,1,0,0,3.8,103,FWD,2.8
Hugo,Ekitiké,8,2,84,1128,15,168.5,354.6,431.0,16,301,94.4,5,0,0,33.6,91,FWD,9.2
Rio,Ngumoha,1,0,11,48,2,56.6,49.6,27.0,0,49,13.4,0,0,0,0.7,43,MID,2.6
Giovanni,Leoni,0,0,0,0,0,0.0,0.0,0.0,0,0,0.0,0,0,0,0.0,49,DEF,0.0
Kieran,Morrison,0,0,0,0,0,0.0,0.0,0.0,0,0,0.0,0,0,0,0.0,45,MID,0.0
Wellity,Lucky,0,0,0,0,0,0.0,0.0,0.0,0,0,0.0,0,0,0,0.0,40,DEF,0.0
James,Trafford,0,0,11,270,4,0.0,100.2,0.0,0,62,10.1,1,0,0,1.0,45,GK,2.4
Ederson,Santana de Moraes,0,0,0,0,0,0.0,0.0,0.0,0,0,0.0,0,0,0,0.8,53,GK,0.0
Stefan,Ortega Moreno,0,0,0,0,0,0.0,0.0,0.0,0,0,0.0,0,0,0,0.2,47,GK,0.0
Marcus,Bettinelli,0,0,0,0,0,0.0,0.0,0.0,0,0,0.0,0,0,0,0.1,39,GK,0.0
Rayan,Aït-Nouri,0,0,12,204,2,37.8,46.4,7.0,1,41,9.1,1,0,1,3.8,57,DEF,2.1
Joško,Gvardiol,2,2,77,1301,13,104.7,354.6,193.0,5,291,65.3,6,0,2,9.5,61,DEF,12.6
Manuel,Akanji,0,0,0,0,0,0.0,0.0,0.0,0,0,0.0,0,0,0,0.3,54,DEF,0.0
Nathan,Aké,0,0,22,322,4,37.5,71.6,15.0,1,88,12.5,2,0,1,0.6,53,DEF,4.2
Abdukodir,Khusanov,0,0,13,289,2,9.0,54.4,0.0,0,59,6.4,1,0,1,0.3,54,DEF,2.4
Matheus,Nunes,1,4,92,1503,15,234.4,409.4,50.0,11,382,69.6,7,0,3,3.5,54,DEF,17.0
Rúben,dos Santos Gato Alves Dias,2,0,95,1705,16,91.8,458.0,94.0,3,380,64.5,10,0,2,7.3,57,DEF,16.7
John,Stones,0,0,12,351,8,19.6,76.6,2.0,0,45,9.8,1,0,0,0.6,54,DEF,2.2
Rico,Lewis,0,1,18,204,3,62.6,54.8,25.0,2,67,14.2,1,0,0,1.3,47,DEF,3.8
Nico,O'Reilly,1,3,78,1459,13,244.6,340.0,200.0,2,305,78.5,8,0,3,10.1,53,DEF,14.7
Vitor,de Oliveira Nunes dos Reis,0,0,0,0,0,0.0,0.0,0.0,0,0,0.0,0,0,0,0.0,50,DEF,0.0
Omar,Marmoush,0,1,16,204,3,39.1,41.4,93.0,2,52,17.2,0,0,0,2.3,83,MID,1.9
Phil,Foden,7,2,98,1495,13,626.9,434.4,364.0,10,417,142.3,9,0,3,37.7,89,MID,11.0
Sávio,Moreira de Oliveira,0,2,26,531,5,138.1,75.0,218.0,0,87,43.1,2,0,1,0.4,69,MID,3.8
Bernardo,Mota Veiga de Carvalho e Silva,0,2,44,1403,14,308.5,180.0,74.0,0,222,56.1,7,0,5,0.5,62,MID,7.1
Rayan,Cherki,2,8,75,817,7,462.4,328.4,229.0,11,317,102.1,4,0,1,15.8,68,MID,11.0
Jérémy,Doku,1,6,61,994,10,508.0,282.0,346.0,6,266,113.5,5,0,0,3.0,64,MID,9.5
İlkay,Gündoğan,0,0,0,0,0,0.0,0.0,0.0,0,0,0.0,0,0,0,0.1,63,MID,0.0
Rodrigo 'Rodri',Hernandez Cascante,0,0,18,427,4,122.3,93.4,29.0,1,102,24.4,1,0,0,0.4,63,MID,2.9
Mateo,Kovačić,0,0,1,4,0,0.8,2.6,0.0,0,3,0.3,0,0,0,0.0,59,MID,0.2
Nico,González Iglesias,1,0,51,1268,12,179.5,256.6,61.0,1,270,49.7,7,0,4,0.1,59,MID,8.6
Oscar,Bobb,0,1,18,464,5,154.3,69.8,87.0,0,82,31.2,2,0,1,0.2,51,MID,3.5
Claudio,Echeverri,0,0,0,0,0,0.0,0.0,0.0,0,0,0.0,0,0,0,0.0,54,MID,0.0
Tijjani,Reijnders,5,2,76,1242,14,281.9,311.4,340.0,6,296,92.8,6,0,2,12.1,52,MID,14.6
Sverre,Nypan,0,0,0,0,0,0.0,0.0,0.0,0,0,0.0,0,0,0,0.0,50,MID,0.0
Kalvin,Phillips,0,0,0,0,0,0.0,0.0,0.0,0,0,0.0,0,0,0,0.1,48,MID,0.0
Erling,Haaland,19,4,157,1732,17,140.7,786.0,956.0,31,648,188.4,10,0,0,74.2,151,FWD,10.4
Gianluigi,Donnarumma,0,0,68,1530,14,0.0,309.6,0.0,0,279,31.1,8,0,4,10.2,57,GK,11.9
Divine,Mukasa,0,0,1,15,0,17.8,2.0,0.0,0,2,2.0,0,0,0,0.0,44,MID,0.2
Stephen,Mfuni,0,0,0,0,0,0.0,0.0,0.0,0,0,0.0,0,0,0,0.0,39,DEF,0.0
Ryan,McAidoo,0,0,0,0,0,0.0,0.0,0.0,0,0,0.0,0,0,0,0.0,45,MID,0.0
Charlie,Gray,0,0,0,0,0,0.0,0.0,0.0,0,0,0.0,0,0,0,0.0,45,MID,0.0
Reigan,Heskey,0,0,0,0,0,0.0,0.0,0.0,0,0,0.0,0,0,0,0.0,45,MID,0.0
Bryan,Mbeumo,6,1,74,1405,25,472.6,360.0,527.0,10,292,135.9,2,0,3,9.2,81,MID,9.1
Altay,Bayındır,0,0,11,540,11,10.0,118.4,0.0,0,49,12.8,0,0,0,0.3,48,GK,2.3
André,Onana,0,0,0,0,0,0.0,0.0,0.0,0,0,0.0,0,0,0,0.1,49,GK,0.0
Elyh,Harrison,0,0,0,0,0,0.0,0.0,0.0,0,0,0.0,0,0,0,0.0,40,GK,0.0
Tom,Heaton,0,0,0,0,0,0.0,0.0,0.0,0,0,0.0,0,0,0,0.3,39,GK,0.0
Dermot,Mee,0,0,0,0,0,0.0,0.0,0.0,0,0,0.0,0,0,0,0.1,39,GK,0.0
Matthijs,de Ligt,1,0,43,1170,20,60.2,276.6,122.0,5,169,45.7,1,0,0,2.1,49,DEF,8.8
Lisandro,Martínez,0,0,21,364,4,49.4,95.6,5.0,2,80,15.1,1,0,0,0.5,48,DEF,4.4
Noussair,Mazraoui,0,0,17,439,5,51.1,106.6,14.0,2,93,17.1,1,0,1,0.2,49,DEF,3.5
Diego,León Blanco,0,0,0,0,0,0.0,0.0,0.0,0,0,0.0,0,0,0,0.1,42,DEF,0.0
Diogo,Dalot Teixeira,1,5,64,1314,24,248.1,278.8,109.0,5,195,63.6,3,0,2,4.8,45,DEF,14.2
Patrick,Dorgu,1,2,46,1069,17,270.8,267.2,172.0,4,165,71.0,2,0,5,7.2,42,DEF,11.0
Harry,Maguire,1,1,33,341,4,16.3,86.8,40.0,3,83,14.3,2,0,0,0.5,43,DEF,7.7
Luke,Shaw,0,1,46,1728,27,190.2,302.4,29.0,0,202,52.2,3,0,3,0.7,45,DEF,10.2
Leny,Yoro,0,1,34,1104,23,59.8,190.0,69.0,1,104,31.8,1,0,0,1.4,42,DEF,8.1
Harry,Amass,0,0,0,0,0,0.0,0.0,0.0,0,0,0.0,0,0,0,0.1,40,DEF,0.0
Tyler,Fredricson,0,0,1,2,0,0.0,4.0,0.0,0,4,0.4,0,0,0,0.1,38,DEF,0.3
Ayden,Heaven,0,1,25,575,11,25.9,172.8,19.0,0,100,21.8,1,0,1,2.7,39,DEF,6.4
Tyrell,Malacia,0,0,1,2,0,0.0,3.0,0.0,0,3,0.3,0,0,0,0.4,38,DEF,0.3
Bruno,Borges Fernandes,5,7,99,1475,27,739.3,599.0,331.0,17,445,167.2,1,0,2,11.5,91,MID,10.9
Matheus,Santos Carneiro da Cunha,4,1,64,1299,19,290.1,317.0,430.0,6,267,103.8,3,0,1,13.3,82,MID,7.8
Marcus,Rashford,0,0,0,0,0,0.0,0.0,0.0,0,0,0.0,0,0,0,0.0,70,MID,0.0
Amad,Diallo,2,4,56,1203,18,392.2,287.2,301.0,6,283,98.2,2,0,1,1.0,63,MID,8.9
Antony,dos Santos,0,0,0,0,0,0.0,0.0,0.0,0,0,0.0,0,0,0,0.1,59,MID,0.0
Mason,Mount,3,0,44,782,13,186.5,156.0,158.0,3,157,50.1,3,0,0,0.5,59,MID,7.5
Carlos Henrique,Casimiro,4,3,83,1231,15,225.6,370.6,234.0,11,305,83.2,4,1,5,1.5,55,MID,15.1
Kobbie,Mainoo,0,0,11,212,7,87.2,47.6,17.0,0,43,15.2,0,0,0,0.4,46,MID,2.4
Manuel,Ugarte Ribeiro,0,0,26,638,16,52.9,105.0,20.0,0,128,17.6,1,0,1,0.2,47,MID,5.5
Toby,Collyer,0,0,0,0,0,0.0,0.0,0.0,0,0,0.0,0,0,0,0.0,45,MID,0.0
Jayce,Fitzgerald,0,0,0,0,0,0.0,0.0,0.0,0,0,0.0,0,0,0,0.0,44,MID,0.0
Jack,Fletcher,0,0,3,107,0,24.4,18.6,5.0,0,10,4.8,0,0,0,0.1,43,MID,0.7
Sékou,Koné,0,0,0,0,0,0.0,0.0,0.0,0,0,0.0,0,0,0,0.1,43,MID,0.0
Jack,Moorhouse,0,0,0,0,0,0.0,0.0,0.0,0,0,0.0,0,0,0,0.0,45,MID,0.0
Rasmus,Højlund,0,0,0,0,0,0.0,0.0,0.0,0,0,0.0,0,0,0,0.3,63,FWD,0.0
Joshua,Zirkzee,2,1,32,465,7,116.7,141.0,151.0,6,114,40.6,1,0,1,0.5,58,FWD,5.5
Chido,Obi,0,0,0,0,0,0.0,0.0,0.0,0,0,0.0,0,0,0,1.8,42,FWD,0.0
Ethan,Wheatley,0,0,0,0,0,0.0,0.0,0.0,0,0,0.0,0,0,0,0.1,45,FWD,0.0
Benjamin,Sesko,2,2,42,948,18,119.9,145.4,352.0,5,104,61.0,1,0,1,3.3,72,FWD,5.8
Senne,Lammens,0,0,40,1260,19,0.0,283.8,2.0,4,156,28.6,2,0,0,2.0,50,GK,8.0
Shea,Lacey,0,0,1,6,0,0.0,4.0,9.0,0,5,1.3,0,0,0,0.0,45,MID,0.2
Bendito,Mantato,0,0,1,15,0,11.7,2.2,0.0,0,3,1.4,0,0,0,0.0,45,MID,0.2
Tyler,Fletcher,0,0,0,0,0,0.0,0.0,0.0,0,0,0.0,0,0,0,0.0,45,MID,0.0
Godwill,Kukonki,0,0,0,0,0,0.0,0.0,0.0,0,0,0.0,0,0,0,0.0,40,DEF,0.0
Jacob,Ramsey,0,0,13,491,10,127.8,56.0,64.0,0,76,24.8,0,0,2,0.2,53,MID,2.5
Yoane,Wissa,1,0,11,226,2,18.4,38.8,86.0,0,40,14.2,1,0,1,0.9,73,FWD,1.5
Nick,Pope,0,1,63,1246,14,0.0,337.2,0.0,3,264,33.7,6,0,1,4.8,51,GK,12.4
Mark,Gillespie,0,0,0,0,0,0.0,0.0,0.0,0,0,0.0,0,0,0,0.1,39,GK,0.0
Odysseas,Vlachodimos,0,0,0,0,0,0.0,0.0,0.0,0,0,0.0,0,0,0,0.0,40,GK,0.0
Lewis,Hall,0,1,38,850,13,138.1,240.8,86.0,1,174,46.4,2,0,1,2.5,53,DEF,7.2
Fabian,Schär,0,0,48,1014,11,62.4,269.0,104.0,0,182,43.7,4,0,1,1.9,53,DEF,9.1
Sven,Botman,0,0,32,655,10,35.2,169.6,43.0,4,121,24.7,3,0,0,0.3,49,DEF,6.5
Dan,Burn,0,3,67,1255,17,72.4,270.2,60.0,5,196,40.3,6,1,3,3.6,50,DEF,13.4
Tino,Livramento,0,1,48,1003,9,157.8,177.8,36.0,3,207,37.2,5,0,1,2.2,49,DEF,9.8
Kieran,Trippier,0,0,30,699,10,230.7,113.0,4.0,2,121,34.6,4,0,1,1.3,49,DEF,6.1
Emil,Krafth,0,0,0,45,2,1.2,1.4,0.0,0,-8,0.3,0,0,0,0.0,43,DEF,0.0
Jamaal,Lascelles,0,0,1,19,2,0.0,10.2,7.0,0,0,1.7,0,0,0,0.1,43,DEF,0.2
Alex,Murphy,0,0,0,0,0,0.0,0.0,0.0,0,0,0.0,0,0,0,0.7,38,DEF,0.0
Harrison,Ashby,0,0,0,0,0,0.0,0.0,0.0,0,0,0.0,0,0,0,0.1,39,DEF,0.0
Miodrag,Pivaš,0,0,0,0,0,0.0,0.0,0.0,0,0,0.0,0,0,0,0.4,38,DEF,0.0
Matt,Targett,0,0,0,0,0,0.0,0.0,0.0,0,0,0.0,0,0,0,0.2,40,DEF,0.0
Anthony,Gordon,2,3,49,919,14,228.1,182.0,257.0,4,168,66.4,5,1,1,6.1,74,MID,6.6
Anthony,Elanga,0,1,27,675,14,139.2,76.6,105.0,0,89,32.1,2,0,0,2.7,65,MID,4.2
Harvey,Barnes,3,0,50,852,9,209.7,195.4,344.0,5,158,74.7,3,0,0,1.0,61,MID,8.2
Bruno,Guimarães Rodriguez Moura,7,4,106,1659,24,430.8,510.4,296.0,17,468,123.8,5,0,4,17.4,71,MID,14.9
Jacob,Murphy,2,1,50,996,9,298.3,209.2,264.0,2,206,77.1,6,0,0,0.8,60,MID,8.3
Joelinton Cássio,Apolinário de Lira,1,0,45,1137,14,174.8,182.4,192.0,2,182,55.0,4,0,4,0.3,59,MID,7.6
Sandro,Tonali,0,1,49,1382,15,292.2,225.4,105.0,1,258,62.4,6,0,2,1.0,53,MID,9.2
Antoñito,Cordero Campillo,0,0,0,0,0,0.0,0.0,0.0,0,0,0.0,0,0,0,0.0,49,MID,0.0
Joe,Willock,0,0,14,233,2,49.6,35.4,27.0,0,54,11.0,2,0,1,0.1,50,MID,2.8
Isaac,Hayden,0,0,0,0,0,0.0,0.0,0.0,0,0,0.0,0,0,0,0.0,45,MID,0.0
Garang,Kuol,0,0,0,0,0,0.0,0.0,0.0,0,0,0.0,0,0,0,0.0,44,MID,0.0
Lewis,Miley,1,3,51,930,11,159.0,222.2,95.0,4,229,47.7,2,0,0,3.5,45,MID,11.3
Joe,White,0,0,0,0,0,0.0,0.0,0.0,0,0,0.0,0,0,0,0.0,45,MID,0.0
William,Osula,1,1,18,213,4,14.2,41.2,68.0,0,60,12.1,1,0,0,0.2,54,FWD,3.3
Sean,Neave,0,0,0,0,0,0.0,0.0,0.0,0,0,0.0,0,0,0,0.2,43,FWD,0.0
Aaron,Ramsdale,0,0,11,553,10,10.0,97.4,0.0,0,45,10.8,0,0,0,0.8,48,GK,2.3
Malick,Thiaw,3,0,76,1442,22,41.8,475.2,194.0,7,262,71.2,3,0,2,4.3,51,DEF,14.9
Seung-Soo,Park,0,0,0,0,0,0.0,0.0,0.0,0,0,0.0,0,0,0,0.2,43,MID,0.0
Nick,Woltemade,7,2,73,1184,16,136.2,309.6,341.0,10,256,78.2,5,0,0,17.2,73,FWD,10.0
John,Ruddy,0,0,0,0,0,0.0,0.0,0.0,0,0,0.0,0,0,0,0.0,40,GK,0.0
Leo,Shahar,0,0,0,0,0,0.0,0.0,0.0,0,0,0.0,0,0,0,0.0,40,DEF,0.0
Sam,Alabi,0,0,0,0,0,0.0,0.0,0.0,0,0,0.0,0,0,0,0.0,45,MID,0.0
Oleksandr,Zinchenko,0,0,7,352,6,83.4,80.8,22.0,0,56,18.6,0,0,0,0.2,49,DEF,1.4
James,McAtee,0,0,6,169,7,44.9,16.2,8.0,0,24,7.0,0,0,1,0.1,50,MID,1.2
Matz,Sels,0,0,41,1362,25,10.0,354.8,0.0,0,173,36.5,2,0,1,5.7,46,GK,8.9
Carlos Miguel,dos Santos Pereira,0,0,0,0,0,0.0,0.0,0.0,0,0,0.0,0,0,0,0.1,40,GK,0.0
Matt,Turner,0,0,0,0,0,0.0,0.0,0.0,0,0,0.0,0,0,0,0.1,40,GK,0.0
Nikola,Milenković,0,0,50,1800,33,35.2,374.8,82.0,1,176,49.4,3,0,4,3.3,51,DEF,9.8
Murillo,Costa dos Santos,1,0,44,1189,21,51.7,328.0,50.0,3,169,43.1,2,0,3,1.9,52,DEF,8.5
Ola,Aina,0,0,7,338,7,43.4,72.2,31.0,0,24,14.7,0,0,1,1.9,47,DEF,1.5
Neco,Williams,1,1,55,1800,33,311.8,446.8,193.0,7,275,95.3,3,0,4,3.4,47,DEF,11.7
David,Mota Veiga Teixeira do Carmo,0,0,0,0,0,0.0,0.0,0.0,0,0,0.0,0,0,0,0.0,45,DEF,0.0
Jair,Paula da Cunha Filho,0,0,3,90,2,0.4,26.0,0.0,0,9,2.6,0,0,0,0.1,43,DEF,0.7
Felipe,Rodrigues da Silva,0,0,20,708,14,8.8,165.2,5.0,1,81,17.9,1,0,4,0.1,43,DEF,4.7
Omar,Richards,0,0,0,0,0,0.0,0.0,0.0,0,0,0.0,0,0,0,0.0,45,DEF,0.0
Zach,Abbott,0,0,1,45,1,0.6,15.6,0.0,0,5,1.6,0,0,0,0.3,38,DEF,0.3
Willy,Boly,0,0,0,0,0,0.0,0.0,0.0,0,0,0.0,0,0,0,0.4,38,DEF,0.0
Morgan,Gibbs-White,4,1,72,1692,30,378.9,288.8,385.0,5,291,105.0,3,0,0,2.9,73,MID,9.9
Callum,Hudson-Odoi,3,1,51,1028,18,296.2,220.4,194.0,6,200,70.9,1,0,0,0.9,57,MID,8.9
Elliot,Anderson,1,2,80,1800,33,526.1,426.0,146.0,4,395,110.2,3,0,4,4.6,53,MID,15.1
João Pedro,Ferreira da Silva,0,0,1,11,0,0.5,5.0,4.0,0,6,1.0,0,0,0,0.0,54,MID,0.2
Nicolás,Domínguez,0,0,15,474,10,111.3,69.6,14.0,0,65,19.6,1,0,2,0.0,50,MID,3.0
Lewis,O'Brien,0,0,0,0,0,0.0,0.0,0.0,0,0,0.0,0,0,0,0.0,50,MID,0.0
Ibrahim,Sangaré,2,2,47,864,13,78.6,233.0,77.0,2,188,38.9,3,0,2,0.1,49,MID,9.6
Ryan,Yates,0,1,15,299,5,27.0,64.2,25.0,0,67,11.5,0,0,1,0.1,47,MID,3.2
Eric,da Silva Moreira,0,0,0,0,0,0.0,0.0,0.0,0,0,0.0,0,0,0,0.1,45,MID,0.0
Marko,Stamenić,0,0,0,0,0,0.0,0.0,0.0,0,0,0.0,0,0,0,0.0,45,MID,0.0
Chris,Wood,2,0,25,538,8,49.6,77.6,179.0,3,85,29.8,1,0,0,4.8,72,FWD,3.5
Igor Jesus,Maciel da Cruz,1,2,42,1053,22,102.0,115.2,331.0,3,134,52.5,3,0,0,1.2,58,FWD,7.2
Taiwo,Awoniyi,0,0,7,182,2,40.5,17.0,68.0,0,29,12.6,0,0,0,0.3,52,FWD,1.3
Dan,Ndoye,1,2,41,997,16,152.7,143.4,134.0,4,140,43.1,2,0,1,0.7,55,MID,7.5
Angus,Gunn,0,0,0,0,0,0.0,0.0,0.0,0,0,0.0,0,0,0,1.2,40,GK,0.0
Omari,Hutchinson,1,4,46,832,14,285.0,180.6,212.0,3,182,67.4,2,0,0,0.2,54,MID,8.5
Arnaud,Kalimuendo,0,0,9,89,3,17.7,6.8,39.0,0,24,6.3,0,0,0,0.1,60,FWD,1.5
Douglas Luiz,Soares de Paulo,0,1,11,314,7,77.4,46.6,25.0,0,64,14.9,0,0,2,0.0,49,MID,2.2
John Victor,Maciel Furtado,0,0,11,437,8,0.0,56.4,0.0,0,32,5.7,1,0,1,0.5,40,GK,2.8
Nicolò,Savona,2,0,39,1025,18,123.2,216.6,94.0,0,131,43.5,3,0,2,0.2,45,DEF,8.7
Luis Eduardo,Soares da Silva,0,0,0,0,0,0.0,0.0,0.0,0,0,0.0,0,0,0,0.0,45,DEF,0.0
Dilane,Bakwa,0,1,11,256,7,92.7,46.4,69.0,0,49,20.8,0,0,1,0.0,59,MID,1.9
Anthony,Patterson,0,0,0,0,0,0.0,0.0,0.0,0,0,0.0,0,0,0,0.2,42,GK,0.0
Simon,Moore,0,0,0,0,0,0.0,0.0,0.0,0,0,0.0,0,0,0,0.4,39,GK,0.0
Blondy,Nna Noukeu,0,0,0,0,0,0.0,0.0,0.0,0,0,0.0,0,0,0,0.1,39,GK,0.0
Daniel,Ballard,2,1,76,1143,12,71.8,386.0,244.0,7,232,70.2,4,0,2,2.9,46,DEF,16.5
Trai,Hume,0,1,65,1651,17,213.9,287.8,102.0,4,260,60.5,6,0,4,0.4,45,DEF,14.4
Aji,Alese,0,0,0,0,0,0.0,0.0,0.0,0,0,0.0,0,0,0,0.0,40,DEF,0.0
Joe,Anderson,0,0,0,0,0,0.0,0.0,0.0,0,0,0.0,0,0,0,0.4,39,DEF,0.0
Dennis,Cirkin,0,0,10,238,2,7.2,49.4,2.0,0,33,5.8,1,0,1,0.0,40,DEF,2.5
Leo Fuhr,Hjelde,0,0,0,0,0,0.0,0.0,0.0,0,0,0.0,0,0,0,0.0,40,DEF,0.0
Niall,Huggins,0,0,0,0,0,0.0,0.0,0.0,0,0,0.0,0,0,0,0.1,40,DEF,0.0
Zak,Johnson,0,0,0,0,0,0.0,0.0,0.0,0,0,0.0,0,0,0,0.2,38,DEF,0.0
Luke,O'Nien,0,0,-1,4,0,0.4,4.0,0.0,0,-2,0.4,0,1,0,0.1,40,DEF,-0.2
Timothée,Pembélé,0,0,0,0,0,0.0,0.0,0.0,0,0,0.0,0,0,0,0.3,39,DEF,0.0
Reinildo,Mandava,0,1,37,1022,12,33.9,186.4,25.0,3,135,24.7,3,1,4,2.6,38,DEF,9.7
Jenson,Seelt,0,0,2,133,2,2.4,33.6,0.0,0,11,3.6,0,0,0,0.1,40,DEF,0.5
Simon,Adingra,1,1,33,598,7,106.0,77.8,73.0,3,79,25.4,4,0,2,0.4,49,MID,6.7
Habib,Diarra,0,1,13,371,2,31.5,16.0,45.0,0,28,8.6,2,0,1,0.0,53,MID,2.5
Patrick,Roberts,0,0,1,27,1,7.3,1.8,5.0,0,4,1.4,0,0,0,0.0,54,MID,0.2
Milan,Aleksić,0,0,0,0,0,0.0,0.0,0.0,0,0,0.0,0,0,0,0.0,49,MID,0.0
Enzo,Le Fée,2,4,71,1485,16,415.5,336.2,118.0,6,265,87.0,6,0,5,0.9,49,MID,14.5
Romaine,Mundle,0,0,6,132,0,8.0,14.0,23.0,0,19,4.2,0,0,1,0.0,49,MID,1.2
Dan,Neil,0,0,2,2,0,0.0,2.0,0.0,0,7,0.2,0,0,0,0.0,48,MID,0.4
Ian,Poveda-Ocampo,0,0,0,0,0,0.0,0.0,0.0,0,0,0.0,0,0,0,0.0,48,MID,0.0
Chris,Rigg,0,0,14,324,1,46.5,20.2,17.0,0,48,8.4,2,0,0,0.0,47,MID,3.0
Noah,Sadiki,0,0,37,1414,17,155.6,159.4,37.0,0,190,35.3,5,0,4,0.0,49,MID,7.6
Chemsdine,Talbi,2,2,51,881,8,126.7,128.4,123.0,5,148,37.3,5,0,0,0.1,49,MID,10.4
Abdoullah,Ba,0,0,0,0,0,0.0,0.0,0.0,0,0,0.0,0,0,0,0.4,43,MID,0.0
Alan,Browne,0,0,0,0,0,0.0,0.0,0.0,0,0,0.0,0,0,0,0.0,45,MID,0.0
Pierre,Ekwah Elimby,0,0,0,0,0,0.0,0.0,0.0,0,0,0.0,0,0,0,0.0,45,MID,0.0
Harrison,Jones,0,0,0,0,0,0.0,0.0,0.0,0,0,0.0,0,0,0,0.1,43,MID,0.0
Jay,Matete,0,0,0,0,0,0.0,0.0,0.0,0,0,0.0,0,0,0,0.2,43,MID,0.0
Nectarios,Triantis,0,0,0,0,0,0.0,0.0,0.0,0,0,0.0,0,0,0,0.0,44,MID,0.0
Wilson,Isidor,4,0,50,970,13,22.2,160.4,345.0,7,166,52.6,4,0,1,2.0,53,FWD,9.4
Eliezer,Mayenda Dossou,1,0,22,454,2,38.0,65.2,110.0,2,82,21.1,3,0,0,0.5,52,FWD,4.2
Ahmed,Abdullahi,0,0,0,0,0,0.0,0.0,0.0,0,0,0.0,0,0,0,0.4,43,FWD,0.0
Luís Hemir,Silva Semedo,0,0,0,0,0,0.0,0.0,0.0,0,0,0.0,0,0,0,0.1,44,FWD,0.0
Nazarii,Rusyn,0,0,0,0,0,0.0,0.0,0.0,0,0,0.0,0,0,0,0.1,44,FWD,0.0
Granit,Xhaka,1,5,86,1782,19,407.5,503.0,68.0,5,394,97.8,7,0,4,7.1,52,MID,16.5
Robin,Roefs,0,0,93,1800,19,40.0,560.8,0.0,9,400,60.0,7,0,2,11.0,49,GK,19.0
Arthur,Masuaku,0,0,1,125,2,20.1,21.8,7.0,0,4,4.9,0,0,1,0.6,39,DEF,0.3
Omar,Alderete,1,1,76,1387,14,60.6,424.6,186.0,5,247,67.4,6,0,3,6.1,41,DEF,18.5
Nordi,Mukiele,1,2,89,1620,17,166.0,413.8,101.0,8,301,68.1,6,0,3,8.6,43,DEF,20.7
Lutsharel,Geertruida,0,0,31,892,11,61.7,155.0,30.0,0,146,24.7,2,0,0,0.0,45,DEF,6.9
Brian,Brobbey,3,1,38,608,5,43.5,144.4,154.0,4,136,33.6,3,0,1,0.3,55,FWD,6.9
Bertrand,Traoré,1,1,28,607,9,108.1,115.6,135.0,1,114,35.9,3,0,1,0.0,55,MID,5.1
Jenson,Jones,0,0,0,0,0,0.0,0.0,0.0,0,0,0.0,0,0,0,0.0,40,DEF,0.0
Tymur,Tutierov,0,0,0,0,0,0.0,0.0,0.0,0,0,0.0,0,0,0,0.0,45,MID,0.0
Guglielmo,Vicario,0,0,74,1800,24,0.1,468.0,0.0,6,334,46.9,7,0,1,6.9,48,GK,15.4
Brandon,Austin,0,0,0,0,0,0.0,0.0,0.0,0,0,0.0,0,0,0,0.3,39,GK,0.0
Antonín,Kinský,0,0,0,0,0,0.0,0.0,0.0,0,0,0.0,0,0,0,1.7,39,GK,0.0
Pedro,Porro Sauceda,0,2,74,1595,18,407.4,354.4,65.0,4,314,82.9,7,0,4,12.7,52,DEF,14.2
Cristian,Romero,2,1,70,1367,18,65.8,383.6,128.0,8,246,57.7,5,1,7,3.7,50,DEF,14.0
Kevin,Danso,0,0,26,581,10,7.1,175.2,8.0,1,106,19.1,2,0,4,0.1,42,DEF,6.2
Ben,Davies,1,0,10,118,2,18.2,64.8,52.0,1,30,13.5,0,0,0,0.1,43,DEF,2.3
Radu,Drăgușin,0,0,1,5,0,0.3,0.0,4.0,0,2,0.4,0,0,0,0.0,45,DEF,0.2
Djed,Spence,0,0,52,1255,15,109.6,158.0,75.0,1,193,34.1,7,0,2,1.2,43,DEF,12.1
Destiny,Udogie,0,1,13,605,13,98.3,119.0,57.0,0,58,27.4,0,0,1,0.3,43,DEF,3.0
Micky,van de Ven,3,1,89,1699,22,71.4,399.4,137.0,10,321,60.8,7,0,4,27.4,45,DEF,19.8
Ashley,Phillips,0,0,0,0,0,0.0,0.0,0.0,0,0,0.0,0,0,0,0.0,40,DEF,0.0
Takai,Kōta,0,0,0,0,0,0.0,0.0,0.0,0,0,0.0,0,0,0,0.0,40,DEF,0.0
Luka,Vušković,0,0,0,0,0,0.0,0.0,0.0,0,0,0.0,0,0,0,0.3,39,DEF,0.0
Son,Heung-min,0,0,0,0,0,0.0,0.0,0.0,0,0,0.0,0,0,0,0.1,85,MID,0.0
James,Maddison,0,0,0,0,0,0.0,0.0,0.0,0,0,0.0,0,0,0,0.1,68,MID,0.0
Mohammed,Kudus,2,6,75,1535,20,413.8,333.4,302.0,7,257,104.7,7,0,3,13.7,64,MID,11.7
Dejan,Kulusevski,0,0,0,0,0,0.0,0.0,0.0,0,0,0.0,0,0,0,0.0,64,MID,0.0
Mathys,Tel,2,1,32,371,5,33.5,86.0,76.0,2,95,19.7,1,0,0,0.1,62,MID,5.2
Rodrigo,Bentancur,1,1,62,1322,19,156.6,255.6,85.0,3,248,50.0,5,0,5,0.2,53,MID,11.7
Lucas,Bergvall,1,2,37,742,10,76.6,133.4,115.0,0,135,32.7,3,0,2,0.2,53,MID,7.0
Yves,Bissouma,0,0,0,0,0,0.0,0.0,0.0,0,0,0.0,0,0,0,0.0,52,MID,0.0
Wilson,Odobert,0,1,32,673,9,164.2,95.6,113.0,3,113,37.2,2,0,0,0.0,53,MID,6.0
Manor,Solomon,0,0,0,0,0,0.0,0.0,0.0,0,0,0.0,0,0,0,0.0,54,MID,0.0
Bryan,Gil Salvatierra,0,0,0,0,0,0.0,0.0,0.0,0,0,0.0,0,0,0,0.0,49,MID,0.0
Archie,Gray,1,0,26,596,6,44.6,90.8,78.0,3,92,21.3,5,0,3,0.1,48,MID,5.4
Mikey,Moore,0,0,0,0,0,0.0,0.0,0.0,0,0,0.0,0,0,0,0.0,50,MID,0.0
Pape Matar,Sarr,2,2,42,703,7,84.7,154.6,94.0,0,161,33.4,3,0,0,0.8,45,MID,9.3
Yang,Min-hyeok,0,0,0,0,0,0.0,0.0,0.0,0,0,0.0,0,0,0,0.0,45,MID,0.0
Callum,Olusesi,0,0,0,0,0,0.0,0.0,0.0,0,0,0.0,0,0,0,0.2,43,MID,0.0
Dominic,Solanke-Mitchell,0,0,2,31,0,0.3,6.0,25.0,0,10,3.1,0,0,0,0.9,72,FWD,0.3
Richarlison,de Andrade,7,3,74,1253,18,159.3,381.8,450.0,9,338,99.2,5,0,4,7.8,64,FWD,11.6
Will,Lankshear,0,0,0,0,0,0.0,0.0,0.0,0,0,0.0,0,0,0,0.0,45,FWD,0.0
Dane,Scarlett,0,0,1,2,0,0.1,0.0,2.0,0,2,0.2,0,0,0,0.6,43,FWD,0.2
João Maria,Lobo Alves Palhares Costa Palhinha Gonçalves,2,3,69,1209,17,83.2,333.6,117.0,9,286,53.6,4,0,5,1.0,55,MID,12.5
Xavi,Simons,1,2,39,830,14,160.3,154.4,97.0,3,153,41.2,3,1,2,0.9,65,MID,6.0
Randal,Kolo Muani,0,0,21,766,12,125.8,63.4,135.0,0,54,31.8,3,0,1,0.3,69,FWD,3.0
Jun'ai,Byfield,0,0,0,0,0,0.0,0.0,0.0,0,0,0.0,0,0,0,0.0,40,DEF,0.0
James,Rowswell,0,0,0,0,0,0.0,0.0,0.0,0,0,0.0,0,0,0,0.0,40,DEF,0.0
Yusuf,Akhamrich,0,0,0,0,0,0.0,0.0,0.0,0,0,0.0,0,0,0,0.0,45,MID,0.0
Lucá,Williams-Barnett,0,0,0,0,0,0.0,0.0,0.0,0,0,0.0,0,0,0,0.0,45,MID,0.0
Igor Julio,dos Santos de Paulo,0,0,6,103,3,10.6,25.8,0.0,0,10,3.6,0,0,0,0.1,45,DEF,1.3
Alphonse,Areola,0,1,42,1440,30,10.0,501.2,0.0,2,190,51.0,0,0,0,2.2,43,GK,9.8
Wes,Foderingham,0,0,0,0,0,0.0,0.0,0.0,0,0,0.0,0,0,0,0.2,40,GK,0.0
Krisztián,Hegyi,0,0,0,0,0,0.0,0.0,0.0,0,0,0.0,0,0,0,0.2,39,GK,0.0
El Hadji Malick,Diouf,0,4,44,1387,30,158.3,267.4,64.0,1,112,49.0,2,0,3,1.4,40,DEF,11.0
Emerson,Palmieri dos Santos,0,0,0,0,0,0.0,0.0,0.0,0,0,0.0,0,0,0,0.1,44,DEF,0.0
Maximilian,Kilman,0,0,34,1533,35,55.6,380.8,60.0,0,77,49.7,1,0,4,0.2,42,DEF,8.1
Konstantinos,Mavropanos,0,0,32,1001,20,10.0,254.4,105.0,0,98,36.9,1,0,1,0.1,44,DEF,7.3
Nayef,Aguerd,0,0,3,180,8,3.9,39.0,8.0,0,-1,5.1,0,0,0,0.0,44,DEF,0.7
Ollie,Scarles,0,0,8,402,11,43.5,65.2,18.0,0,33,12.7,0,0,0,0.0,43,DEF,1.9
Jean-Clair,Todibo,0,1,23,1161,26,62.5,254.8,15.0,0,89,33.3,0,0,3,0.1,43,DEF,5.3
Aaron,Wan-Bissaka,0,1,25,1011,25,171.4,195.8,18.0,0,61,38.7,0,0,2,4.0,42,DEF,6.0
Kaelan,Casey,0,0,0,0,0,0.0,0.0,0.0,0,0,0.0,0,0,0,0.1,40,DEF,0.0
Lucas,Tolentino Coelho de Lima,4,2,67,1451,32,389.1,371.8,186.0,8,286,94.6,3,1,5,2.7,59,MID,11.4
Tomáš,Souček,2,1,36,626,20,30.8,176.8,190.0,3,137,39.8,1,1,0,0.2,57,MID,6.3
James,Ward-Prowse,0,0,11,414,11,176.3,56.6,6.0,0,82,23.9,1,0,0,0.2,56,MID,2.0
Crysencio,Summerville,0,3,34,1047,22,143.7,101.2,204.0,0,125,44.9,1,0,3,0.1,55,MID,6.2
Edson,Álvarez Velázquez,0,0,0,0,0,0.0,0.0,0.0,0,0,0.0,0,0,0,0.0,49,MID,0.0
Maxwel,Cornet,0,0,0,0,0,0.0,0.0,0.0,0,0,0.0,0,0,0,0.0,49,MID,0.0
Guido,Rodríguez,0,0,7,164,2,6.0,5.6,2.0,0,26,1.3,1,0,1,0.0,48,MID,1.5
Luis Guilherme,Lira dos Santos,0,0,5,121,2,14.5,9.2,4.0,0,11,2.5,0,0,0,0.0,49,MID,1.0
George,Earthy,0,0,1,8,1,1.5,0.0,2.0,0,3,0.4,0,0,0,0.0,45,MID,0.2
Andy,Irving,0,0,9,156,4,52.3,31.6,2.0,0,49,8.6,0,0,0,0.3,43,MID,2.1
Lewis,Orford,0,0,0,0,0,0.0,0.0,0.0,0,0,0.0,0,0,0,0.1,44,MID,0.0
Freddie,Potts,0,1,28,957,22,123.7,156.6,35.0,0,183,31.5,0,0,1,0.8,44,MID,6.4
Jarrod,Bowen,6,2,88,1800,41,249.0,391.8,544.0,16,353,118.3,1,0,2,9.6,77,FWD,11.4
Niclas,Füllkrug,0,0,12,407,11,85.1,26.0,130.0,0,28,23.8,1,0,0,0.6,56,FWD,2.1
Callum,Marshall,0,0,2,58,2,0.1,1.2,7.0,0,0,0.8,0,0,0,0.6,43,FWD,0.5
Kyle,Walker-Peters,1,0,30,862,19,74.8,187.6,77.0,0,112,34.0,1,0,1,0.3,42,DEF,7.1
Callum,Wilson,4,2,52,803,16,60.5,178.2,266.0,6,189,49.7,1,0,0,0.8,58,FWD,9.0
Mads,Hermansen,0,0,9,360,11,0.0,84.8,0.0,0,27,8.5,1,0,0,0.2,42,GK,2.1
Mateus Gonçalo,Espanha Fernandes,2,1,61,1414,27,354.2,328.4,68.0,2,308,75.2,2,0,2,0.2,55,MID,11.1
Soungoutou,Magassa,1,0,33,732,18,66.4,149.6,37.0,2,157,25.3,1,0,2,0.0,50,MID,6.6
Lukasz,Fabianski,0,0,0,0,0,0.0,0.0,0.0,0,0,0.0,0,0,0,0.0,45,GK,0.0
Ezra,Mayers,0,0,4,85,2,22.3,14.4,9.0,0,14,4.6,0,0,0,0.0,40,DEF,1.0
Airidas,Golambeckis,0,0,0,0,0,0.0,0.0,0.0,0,0,0.0,0,0,0,0.0,40,DEF,0.0
Mohamadou,Kanté,0,0,3,16,0,10.9,4.4,4.0,0,11,1.7,0,0,0,0.0,45,MID,0.7
Pablo Felipe,Pereira de Jesus,0,0,0,0,0,0.0,0.0,0.0,0,0,0.0,0,0,0,0.0,55,FWD,0.0
Sam,Johnstone,0,0,21,1080,24,0.1,308.0,0.0,0,117,30.8,0,0,0,0.1,44,GK,4.8
José,Malheiro de Sá,0,0,18,720,16,10.0,139.0,0.0,1,73,15.1,1,0,0,1.0,42,GK,4.3
Daniel,Bentley,0,0,0,0,0,0.0,0.0,0.0,0,0,0.0,0,0,0,0.5,39,GK,0.0
Emmanuel,Agbadou,0,0,20,1010,27,65.2,286.4,69.0,0,75,42.1,0,1,1,0.1,42,DEF,4.8
Matt,Doherty,0,0,11,599,11,50.1,104.4,18.0,0,53,17.3,1,0,4,0.1,44,DEF,2.5
Hugo,Bueno López,0,2,41,1068,20,306.2,256.6,95.0,4,144,66.0,2,0,1,0.1,43,DEF,9.5
Yerson,Mosquera Valdelamar,0,0,15,776,17,61.1,149.6,84.0,0,64,29.4,1,0,5,0.1,43,DEF,3.5
Rodrigo,Martins Gomes,1,0,13,331,9,40.4,60.2,103.0,0,20,20.5,0,0,0,0.1,44,DEF,3.0
Santiago,Ignacio Bueno,2,1,41,934,20,49.0,265.8,105.0,2,119,41.9,1,0,2,0.1,44,DEF,9.3
Toti,Gomes,0,0,20,949,25,77.4,212.2,29.0,0,74,31.9,0,1,1,0.1,42,DEF,4.8
Ki-Jana,Hoever,0,0,10,423,13,87.8,101.4,13.0,0,38,20.3,0,0,0,1.3,38,DEF,2.6
Bastien,Meupiyou Menadjou,0,0,0,0,0,0.0,0.0,0.0,0,0,0.0,0,0,0,0.0,40,DEF,0.0
Pedro,Cardoso de Lima,0,0,0,0,0,0.0,0.0,0.0,0,0,0.0,0,0,0,0.4,40,DEF,0.0
Alfie,Pond,0,0,0,0,0,0.0,0.0,0.0,0,0,0.0,0,0,0,1.2,39,DEF,0.0
Hwang,Hee-chan,2,1,35,789,15,100.4,116.6,128.0,0,92,33.9,1,0,2,0.1,56,MID,6.2
André,Trindade da Costa Neto,0,0,46,1378,30,177.0,213.0,15.0,1,233,40.5,0,0,5,0.1,53,MID,8.7
Jean-Ricner,Bellegarde,1,0,25,685,20,91.3,111.2,93.0,0,114,29.4,1,0,1,0.0,52,MID,4.8
Fer,López González,0,1,12,228,9,61.0,29.0,37.0,0,38,12.4,0,0,1,0.0,52,MID,2.3
João Victor,Gomes da Silva,0,0,47,1504,31,177.1,216.8,67.0,1,248,46.4,1,0,6,0.1,53,MID,8.9
Gonçalo Manuel,Ganchinho Guedes,0,0,0,0,0,0.0,0.0,0.0,0,0,0.0,0,0,0,0.0,55,MID,0.0
Marshall,Munetsi,1,2,38,872,19,61.8,163.6,196.0,1,131,42.1,0,0,2,0.0,53,MID,7.2
Boubacar,Traoré,0,0,0,0,0,0.0,0.0,0.0,0,0,0.0,0,0,0,0.0,50,MID,0.0
Tawanda,Chirewa,0,0,2,25,0,0.3,3.2,0.0,0,4,0.4,0,0,0,0.2,43,MID,0.5
Tom,Edozie,0,0,0,0,0,0.0,0.0,0.0,0,0,0.0,0,0,0,0.4,43,MID,0.0
Enso,González Medina,0,0,0,0,0,0.0,0.0,0.0,0,0,0.0,0,0,0,1.4,43,MID,0.0
Joe,Hodge,0,0,0,0,0,0.0,0.0,0.0,0,0,0.0,0,0,0,0.0,45,MID,0.0
Jørgen,Strand Larsen,1,0,32,1286,25,91.0,103.2,244.0,0,73,43.3,3,0,2,0.9,61,FWD,5.2
Fábio,Soares Silva,0,0,0,0,0,0.0,0.0,0.0,0,0,0.0,0,0,0,0.2,49,FWD,0.0
Saša,Kalajdžić,0,0,1,14,0,4.3,1.0,2.0,0,1,0.7,0,0,0,0.0,49,FWD,0.2
Leon,Chiwome,0,0,0,0,0,0.0,0.0,0.0,0,0,0.0,0,0,0,0.0,44,FWD,0.0
Nathan,Fraser,0,0,0,0,0,0.0,0.0,0.0,0,0,0.0,0,0,0,1.6,43,FWD,0.0
Jhon,Arias,1,0,41,998,17,189.0,168.0,140.0,2,166,49.6,2,0,1,0.2,49,MID,8.4
David,Møller Wolfe,0,2,20,703,18,101.8,113.4,44.0,0,42,26.1,0,0,1,0.1,43,DEF,4.7
Jackson,Tchatchoua,0,0,28,1011,22,208.2,187.4,30.0,0,66,42.6,1,0,2,0.0,44,DEF,6.4
Ladislav,Krejcí,2,1,37,1323,29,105.6,332.8,186.0,0,128,62.5,1,0,2,0.1,45,DEF,8.2
Tolu,Arokodare,1,1,30,575,16,87.4,76.8,187.0,2,91,34.6,1,0,1,0.1,54,FWD,5.6
Mateus,Mané,1,2,25,356,7,65.7,102.0,68.0,3,94,23.5,1,0,0,0.4,45,FWD,5.6
Saheed,Olagunju,0,0,0,0,0,0.0,0.0,0.0,0,0,0.0,0,0,0,0.0,40,DEF,0.0
Luke,Rawlings,0,0,0,0,0,0.0,0.0,0.0,0,0,0.0,0,0,0,0.0,45,MID,0.0
Temple,Ojinnaka,0,0,0,0,0,0.0,0.0,0.0,0,0,0.0,0,0,0,0.0,45,MID,0.0
Ethan,Sutherland,0,0,0,0,0,0.0,0.0,0.0,0,0,0.0,0,0,0,0.0,45,MID,0.0
